id,category_id,standard_id,relationship,scope,evidence_kind,confidence,source_refs,specification_commit,verified_at,implementation_claim
MAP-001,FIN-MON,ERC-20,position_representation,Capability relevance to eligible EVM components; not whole-category implementation or adoption,recommendation,medium,"[""https://github.com/ethereum/ERCs/blob/f4c23717b6a6fc48436bb6778dcecce29cc5345c/ERCS/erc-20.md"", ""CATEGORIES.md""]",f4c23717b6a6fc48436bb6778dcecce29cc5345c,2026-09-09,False
MAP-002,FIN-EXC,ERC-20,position_representation,Capability relevance to eligible EVM components; not whole-category implementation or adoption,recommendation,medium,"[""https://github.com/ethereum/ERCs/blob/f4c23717b6a6fc48436bb6778dcecce29cc5345c/ERCS/erc-20.md"", ""CATEGORIES.md""]",f4c23717b6a6fc48436bb6778dcecce29cc5345c,2026-09-09,False
MAP-003,FIN-CRE,ERC-20,position_representation,Capability relevance to eligible EVM components; not whole-category implementation or adoption,recommendation,medium,"[""https://github.com/ethereum/ERCs/blob/f4c23717b6a6fc48436bb6778dcecce29cc5345c/ERCS/erc-20.md"", ""CATEGORIES.md""]",f4c23717b6a6fc48436bb6778dcecce29cc5345c,2026-09-09,False
MAP-004,FIN-CAP,ERC-20,position_representation,Capability relevance to eligible EVM components; not whole-category implementation or adoption,recommendation,medium,"[""https://github.com/ethereum/ERCs/blob/f4c23717b6a6fc48436bb6778dcecce29cc5345c/ERCS/erc-20.md"", ""CATEGORIES.md""]",f4c23717b6a6fc48436bb6778dcecce29cc5345c,2026-09-09,False
MAP-005,FIN-DER,ERC-20,position_representation,Capability relevance to eligible EVM components; not whole-category implementation or adoption,recommendation,medium,"[""https://github.com/ethereum/ERCs/blob/f4c23717b6a6fc48436bb6778dcecce29cc5345c/ERCS/erc-20.md"", ""CATEGORIES.md""]",f4c23717b6a6fc48436bb6778dcecce29cc5345c,2026-09-09,False
MAP-006,FIN-MGT,ERC-20,position_representation,Capability relevance to eligible EVM components; not whole-category implementation or adoption,recommendation,medium,"[""https://github.com/ethereum/ERCs/blob/f4c23717b6a6fc48436bb6778dcecce29cc5345c/ERCS/erc-20.md"", ""CATEGORIES.md""]",f4c23717b6a6fc48436bb6778dcecce29cc5345c,2026-09-09,False
MAP-007,FIN-SEC,ERC-20,position_representation,Capability relevance to eligible EVM components; not whole-category implementation or adoption,recommendation,medium,"[""https://github.com/ethereum/ERCs/blob/f4c23717b6a6fc48436bb6778dcecce29cc5345c/ERCS/erc-20.md"", ""CATEGORIES.md""]",f4c23717b6a6fc48436bb6778dcecce29cc5345c,2026-09-09,False
MAP-008,FIN-RSK,ERC-20,position_representation,Capability relevance to eligible EVM components; not whole-category implementation or adoption,recommendation,medium,"[""https://github.com/ethereum/ERCs/blob/f4c23717b6a6fc48436bb6778dcecce29cc5345c/ERCS/erc-20.md"", ""CATEGORIES.md""]",f4c23717b6a6fc48436bb6778dcecce29cc5345c,2026-09-09,False
MAP-009,FIN-EXC,ERC-721,position_representation,Capability relevance to eligible EVM components; not whole-category implementation or adoption,recommendation,medium,"[""https://github.com/ethereum/ERCs/blob/f4c23717b6a6fc48436bb6778dcecce29cc5345c/ERCS/erc-721.md"", ""CATEGORIES.md""]",f4c23717b6a6fc48436bb6778dcecce29cc5345c,2026-09-09,False
MAP-010,FIN-CRE,ERC-721,position_representation,Capability relevance to eligible EVM components; not whole-category implementation or adoption,recommendation,medium,"[""https://github.com/ethereum/ERCs/blob/f4c23717b6a6fc48436bb6778dcecce29cc5345c/ERCS/erc-721.md"", ""CATEGORIES.md""]",f4c23717b6a6fc48436bb6778dcecce29cc5345c,2026-09-09,False
MAP-011,FIN-MGT,ERC-721,position_representation,Capability relevance to eligible EVM components; not whole-category implementation or adoption,recommendation,medium,"[""https://github.com/ethereum/ERCs/blob/f4c23717b6a6fc48436bb6778dcecce29cc5345c/ERCS/erc-721.md"", ""CATEGORIES.md""]",f4c23717b6a6fc48436bb6778dcecce29cc5345c,2026-09-09,False
MAP-012,FIN-SEC,ERC-721,position_representation,Capability relevance to eligible EVM components; not whole-category implementation or adoption,recommendation,medium,"[""https://github.com/ethereum/ERCs/blob/f4c23717b6a6fc48436bb6778dcecce29cc5345c/ERCS/erc-721.md"", ""CATEGORIES.md""]",f4c23717b6a6fc48436bb6778dcecce29cc5345c,2026-09-09,False
MAP-013,FIN-RSK,ERC-721,position_representation,Capability relevance to eligible EVM components; not whole-category implementation or adoption,recommendation,medium,"[""https://github.com/ethereum/ERCs/blob/f4c23717b6a6fc48436bb6778dcecce29cc5345c/ERCS/erc-721.md"", ""CATEGORIES.md""]",f4c23717b6a6fc48436bb6778dcecce29cc5345c,2026-09-09,False
MAP-014,FIN-EXC,ERC-1155,position_representation,Capability relevance to eligible EVM components; not whole-category implementation or adoption,recommendation,medium,"[""https://github.com/ethereum/ERCs/blob/f4c23717b6a6fc48436bb6778dcecce29cc5345c/ERCS/erc-1155.md"", ""CATEGORIES.md""]",f4c23717b6a6fc48436bb6778dcecce29cc5345c,2026-09-09,False
MAP-015,FIN-CAP,ERC-1155,position_representation,Capability relevance to eligible EVM components; not whole-category implementation or adoption,recommendation,medium,"[""https://github.com/ethereum/ERCs/blob/f4c23717b6a6fc48436bb6778dcecce29cc5345c/ERCS/erc-1155.md"", ""CATEGORIES.md""]",f4c23717b6a6fc48436bb6778dcecce29cc5345c,2026-09-09,False
MAP-016,FIN-DER,ERC-1155,position_representation,Capability relevance to eligible EVM components; not whole-category implementation or adoption,recommendation,medium,"[""https://github.com/ethereum/ERCs/blob/f4c23717b6a6fc48436bb6778dcecce29cc5345c/ERCS/erc-1155.md"", ""CATEGORIES.md""]",f4c23717b6a6fc48436bb6778dcecce29cc5345c,2026-09-09,False
MAP-017,FIN-RSK,ERC-1155,position_representation,Capability relevance to eligible EVM components; not whole-category implementation or adoption,recommendation,medium,"[""https://github.com/ethereum/ERCs/blob/f4c23717b6a6fc48436bb6778dcecce29cc5345c/ERCS/erc-1155.md"", ""CATEGORIES.md""]",f4c23717b6a6fc48436bb6778dcecce29cc5345c,2026-09-09,False
MAP-018,FIN-EXC,ERC-6909,position_representation,Capability relevance to eligible EVM components; not whole-category implementation or adoption,recommendation,medium,"[""https://github.com/ethereum/ERCs/blob/f4c23717b6a6fc48436bb6778dcecce29cc5345c/ERCS/erc-6909.md"", ""CATEGORIES.md""]",f4c23717b6a6fc48436bb6778dcecce29cc5345c,2026-09-09,False
MAP-019,FIN-DER,ERC-6909,position_representation,Capability relevance to eligible EVM components; not whole-category implementation or adoption,recommendation,medium,"[""https://github.com/ethereum/ERCs/blob/f4c23717b6a6fc48436bb6778dcecce29cc5345c/ERCS/erc-6909.md"", ""CATEGORIES.md""]",f4c23717b6a6fc48436bb6778dcecce29cc5345c,2026-09-09,False
MAP-020,FIN-MON,ERC-165,supporting_infrastructure,Capability relevance to eligible EVM components; not whole-category implementation or adoption,recommendation,medium,"[""https://github.com/ethereum/ERCs/blob/f4c23717b6a6fc48436bb6778dcecce29cc5345c/ERCS/erc-165.md"", ""CATEGORIES.md""]",f4c23717b6a6fc48436bb6778dcecce29cc5345c,2026-09-09,False
MAP-021,FIN-EXC,ERC-165,supporting_infrastructure,Capability relevance to eligible EVM components; not whole-category implementation or adoption,recommendation,medium,"[""https://github.com/ethereum/ERCs/blob/f4c23717b6a6fc48436bb6778dcecce29cc5345c/ERCS/erc-165.md"", ""CATEGORIES.md""]",f4c23717b6a6fc48436bb6778dcecce29cc5345c,2026-09-09,False
MAP-022,FIN-CRE,ERC-165,supporting_infrastructure,Capability relevance to eligible EVM components; not whole-category implementation or adoption,recommendation,medium,"[""https://github.com/ethereum/ERCs/blob/f4c23717b6a6fc48436bb6778dcecce29cc5345c/ERCS/erc-165.md"", ""CATEGORIES.md""]",f4c23717b6a6fc48436bb6778dcecce29cc5345c,2026-09-09,False
MAP-023,FIN-CAP,ERC-165,supporting_infrastructure,Capability relevance to eligible EVM components; not whole-category implementation or adoption,recommendation,medium,"[""https://github.com/ethereum/ERCs/blob/f4c23717b6a6fc48436bb6778dcecce29cc5345c/ERCS/erc-165.md"", ""CATEGORIES.md""]",f4c23717b6a6fc48436bb6778dcecce29cc5345c,2026-09-09,False
MAP-024,FIN-DER,ERC-165,supporting_infrastructure,Capability relevance to eligible EVM components; not whole-category implementation or adoption,recommendation,medium,"[""https://github.com/ethereum/ERCs/blob/f4c23717b6a6fc48436bb6778dcecce29cc5345c/ERCS/erc-165.md"", ""CATEGORIES.md""]",f4c23717b6a6fc48436bb6778dcecce29cc5345c,2026-09-09,False
MAP-025,FIN-MGT,ERC-165,supporting_infrastructure,Capability relevance to eligible EVM components; not whole-category implementation or adoption,recommendation,medium,"[""https://github.com/ethereum/ERCs/blob/f4c23717b6a6fc48436bb6778dcecce29cc5345c/ERCS/erc-165.md"", ""CATEGORIES.md""]",f4c23717b6a6fc48436bb6778dcecce29cc5345c,2026-09-09,False
MAP-026,FIN-SEC,ERC-165,supporting_infrastructure,Capability relevance to eligible EVM components; not whole-category implementation or adoption,recommendation,medium,"[""https://github.com/ethereum/ERCs/blob/f4c23717b6a6fc48436bb6778dcecce29cc5345c/ERCS/erc-165.md"", ""CATEGORIES.md""]",f4c23717b6a6fc48436bb6778dcecce29cc5345c,2026-09-09,False
MAP-027,FIN-RSK,ERC-165,supporting_infrastructure,Capability relevance to eligible EVM components; not whole-category implementation or adoption,recommendation,medium,"[""https://github.com/ethereum/ERCs/blob/f4c23717b6a6fc48436bb6778dcecce29cc5345c/ERCS/erc-165.md"", ""CATEGORIES.md""]",f4c23717b6a6fc48436bb6778dcecce29cc5345c,2026-09-09,False
MAP-028,FIN-MON,ERC-777,supporting_infrastructure,Capability relevance to eligible EVM components; not whole-category implementation or adoption,recommendation,medium,"[""https://github.com/ethereum/ERCs/blob/f4c23717b6a6fc48436bb6778dcecce29cc5345c/ERCS/erc-777.md"", ""CATEGORIES.md""]",f4c23717b6a6fc48436bb6778dcecce29cc5345c,2026-09-09,False
MAP-029,FIN-EXC,ERC-777,supporting_infrastructure,Capability relevance to eligible EVM components; not whole-category implementation or adoption,recommendation,medium,"[""https://github.com/ethereum/ERCs/blob/f4c23717b6a6fc48436bb6778dcecce29cc5345c/ERCS/erc-777.md"", ""CATEGORIES.md""]",f4c23717b6a6fc48436bb6778dcecce29cc5345c,2026-09-09,False
MAP-030,FIN-CRE,ERC-777,supporting_infrastructure,Capability relevance to eligible EVM components; not whole-category implementation or adoption,recommendation,medium,"[""https://github.com/ethereum/ERCs/blob/f4c23717b6a6fc48436bb6778dcecce29cc5345c/ERCS/erc-777.md"", ""CATEGORIES.md""]",f4c23717b6a6fc48436bb6778dcecce29cc5345c,2026-09-09,False
MAP-031,FIN-MGT,ERC-777,supporting_infrastructure,Capability relevance to eligible EVM components; not whole-category implementation or adoption,recommendation,medium,"[""https://github.com/ethereum/ERCs/blob/f4c23717b6a6fc48436bb6778dcecce29cc5345c/ERCS/erc-777.md"", ""CATEGORIES.md""]",f4c23717b6a6fc48436bb6778dcecce29cc5345c,2026-09-09,False
MAP-032,FIN-MON,ERC-1363,execution_interface,Capability relevance to eligible EVM components; not whole-category implementation or adoption,recommendation,medium,"[""https://github.com/ethereum/ERCs/blob/f4c23717b6a6fc48436bb6778dcecce29cc5345c/ERCS/erc-1363.md"", ""CATEGORIES.md""]",f4c23717b6a6fc48436bb6778dcecce29cc5345c,2026-09-09,False
MAP-033,FIN-EXC,ERC-1363,execution_interface,Capability relevance to eligible EVM components; not whole-category implementation or adoption,recommendation,medium,"[""https://github.com/ethereum/ERCs/blob/f4c23717b6a6fc48436bb6778dcecce29cc5345c/ERCS/erc-1363.md"", ""CATEGORIES.md""]",f4c23717b6a6fc48436bb6778dcecce29cc5345c,2026-09-09,False
MAP-034,FIN-MON,ERC-1820,supporting_infrastructure,Capability relevance to eligible EVM components; not whole-category implementation or adoption,recommendation,medium,"[""https://github.com/ethereum/ERCs/blob/f4c23717b6a6fc48436bb6778dcecce29cc5345c/ERCS/erc-1820.md"", ""CATEGORIES.md""]",f4c23717b6a6fc48436bb6778dcecce29cc5345c,2026-09-09,False
MAP-035,FIN-EXC,ERC-1820,supporting_infrastructure,Capability relevance to eligible EVM components; not whole-category implementation or adoption,recommendation,medium,"[""https://github.com/ethereum/ERCs/blob/f4c23717b6a6fc48436bb6778dcecce29cc5345c/ERCS/erc-1820.md"", ""CATEGORIES.md""]",f4c23717b6a6fc48436bb6778dcecce29cc5345c,2026-09-09,False
MAP-036,FIN-CRE,ERC-1820,supporting_infrastructure,Capability relevance to eligible EVM components; not whole-category implementation or adoption,recommendation,medium,"[""https://github.com/ethereum/ERCs/blob/f4c23717b6a6fc48436bb6778dcecce29cc5345c/ERCS/erc-1820.md"", ""CATEGORIES.md""]",f4c23717b6a6fc48436bb6778dcecce29cc5345c,2026-09-09,False
MAP-037,FIN-MGT,ERC-1820,supporting_infrastructure,Capability relevance to eligible EVM components; not whole-category implementation or adoption,recommendation,medium,"[""https://github.com/ethereum/ERCs/blob/f4c23717b6a6fc48436bb6778dcecce29cc5345c/ERCS/erc-1820.md"", ""CATEGORIES.md""]",f4c23717b6a6fc48436bb6778dcecce29cc5345c,2026-09-09,False
MAP-038,FIN-CRE,ERC-4626,accounting_interface,Capability relevance to eligible EVM components; not whole-category implementation or adoption,recommendation,medium,"[""https://github.com/ethereum/ERCs/blob/f4c23717b6a6fc48436bb6778dcecce29cc5345c/ERCS/erc-4626.md"", ""CATEGORIES.md""]",f4c23717b6a6fc48436bb6778dcecce29cc5345c,2026-09-09,False
MAP-039,FIN-MGT,ERC-4626,accounting_interface,Capability relevance to eligible EVM components; not whole-category implementation or adoption,recommendation,medium,"[""https://github.com/ethereum/ERCs/blob/f4c23717b6a6fc48436bb6778dcecce29cc5345c/ERCS/erc-4626.md"", ""CATEGORIES.md""]",f4c23717b6a6fc48436bb6778dcecce29cc5345c,2026-09-09,False
MAP-040,FIN-MGT,ERC-7535,accounting_interface,Capability relevance to eligible EVM components; not whole-category implementation or adoption,recommendation,medium,"[""https://github.com/ethereum/ERCs/blob/f4c23717b6a6fc48436bb6778dcecce29cc5345c/ERCS/erc-7535.md"", ""CATEGORIES.md""]",f4c23717b6a6fc48436bb6778dcecce29cc5345c,2026-09-09,False
MAP-041,FIN-SEC,ERC-7535,accounting_interface,Capability relevance to eligible EVM components; not whole-category implementation or adoption,recommendation,medium,"[""https://github.com/ethereum/ERCs/blob/f4c23717b6a6fc48436bb6778dcecce29cc5345c/ERCS/erc-7535.md"", ""CATEGORIES.md""]",f4c23717b6a6fc48436bb6778dcecce29cc5345c,2026-09-09,False
MAP-042,FIN-MGT,ERC-7540,request_lifecycle,Capability relevance to eligible EVM components; not whole-category implementation or adoption,recommendation,medium,"[""https://github.com/ethereum/ERCs/blob/f4c23717b6a6fc48436bb6778dcecce29cc5345c/ERCS/erc-7540.md"", ""CATEGORIES.md""]",f4c23717b6a6fc48436bb6778dcecce29cc5345c,2026-09-09,False
MAP-043,FIN-CRE,ERC-7540,request_lifecycle,Capability relevance to eligible EVM components; not whole-category implementation or adoption,recommendation,medium,"[""https://github.com/ethereum/ERCs/blob/f4c23717b6a6fc48436bb6778dcecce29cc5345c/ERCS/erc-7540.md"", ""CATEGORIES.md""]",f4c23717b6a6fc48436bb6778dcecce29cc5345c,2026-09-09,False
MAP-044,FIN-MGT,ERC-7575,accounting_interface,Capability relevance to eligible EVM components; not whole-category implementation or adoption,recommendation,medium,"[""https://github.com/ethereum/ERCs/blob/f4c23717b6a6fc48436bb6778dcecce29cc5345c/ERCS/erc-7575.md"", ""CATEGORIES.md""]",f4c23717b6a6fc48436bb6778dcecce29cc5345c,2026-09-09,False
MAP-045,FIN-CRE,ERC-7575,accounting_interface,Capability relevance to eligible EVM components; not whole-category implementation or adoption,recommendation,medium,"[""https://github.com/ethereum/ERCs/blob/f4c23717b6a6fc48436bb6778dcecce29cc5345c/ERCS/erc-7575.md"", ""CATEGORIES.md""]",f4c23717b6a6fc48436bb6778dcecce29cc5345c,2026-09-09,False
MAP-046,FIN-RSK,ERC-7575,accounting_interface,Capability relevance to eligible EVM components; not whole-category implementation or adoption,recommendation,medium,"[""https://github.com/ethereum/ERCs/blob/f4c23717b6a6fc48436bb6778dcecce29cc5345c/ERCS/erc-7575.md"", ""CATEGORIES.md""]",f4c23717b6a6fc48436bb6778dcecce29cc5345c,2026-09-09,False
MAP-047,FIN-CRE,ERC-5095,position_representation,Capability relevance to eligible EVM components; not whole-category implementation or adoption,recommendation,medium,"[""https://github.com/ethereum/ERCs/blob/f4c23717b6a6fc48436bb6778dcecce29cc5345c/ERCS/erc-5095.md"", ""CATEGORIES.md""]",f4c23717b6a6fc48436bb6778dcecce29cc5345c,2026-09-09,False
MAP-048,FIN-DER,ERC-5095,position_representation,Capability relevance to eligible EVM components; not whole-category implementation or adoption,recommendation,medium,"[""https://github.com/ethereum/ERCs/blob/f4c23717b6a6fc48436bb6778dcecce29cc5345c/ERCS/erc-5095.md"", ""CATEGORIES.md""]",f4c23717b6a6fc48436bb6778dcecce29cc5345c,2026-09-09,False
MAP-049,FIN-MGT,ERC-5115,accounting_interface,Capability relevance to eligible EVM components; not whole-category implementation or adoption,recommendation,medium,"[""https://github.com/ethereum/ERCs/blob/f4c23717b6a6fc48436bb6778dcecce29cc5345c/ERCS/erc-5115.md"", ""CATEGORIES.md""]",f4c23717b6a6fc48436bb6778dcecce29cc5345c,2026-09-09,False
MAP-050,FIN-DER,ERC-5115,accounting_interface,Capability relevance to eligible EVM components; not whole-category implementation or adoption,recommendation,medium,"[""https://github.com/ethereum/ERCs/blob/f4c23717b6a6fc48436bb6778dcecce29cc5345c/ERCS/erc-5115.md"", ""CATEGORIES.md""]",f4c23717b6a6fc48436bb6778dcecce29cc5345c,2026-09-09,False
MAP-051,FIN-CRE,ERC-3156,execution_interface,Capability relevance to eligible EVM components; not whole-category implementation or adoption,recommendation,medium,"[""https://github.com/ethereum/ERCs/blob/f4c23717b6a6fc48436bb6778dcecce29cc5345c/ERCS/erc-3156.md"", ""CATEGORIES.md""]",f4c23717b6a6fc48436bb6778dcecce29cc5345c,2026-09-09,False
MAP-052,FIN-EXC,ERC-3156,execution_interface,Capability relevance to eligible EVM components; not whole-category implementation or adoption,recommendation,medium,"[""https://github.com/ethereum/ERCs/blob/f4c23717b6a6fc48436bb6778dcecce29cc5345c/ERCS/erc-3156.md"", ""CATEGORIES.md""]",f4c23717b6a6fc48436bb6778dcecce29cc5345c,2026-09-09,False
MAP-053,FIN-CAP,ERC-3525,position_representation,Capability relevance to eligible EVM components; not whole-category implementation or adoption,recommendation,medium,"[""https://github.com/ethereum/ERCs/blob/f4c23717b6a6fc48436bb6778dcecce29cc5345c/ERCS/erc-3525.md"", ""CATEGORIES.md""]",f4c23717b6a6fc48436bb6778dcecce29cc5345c,2026-09-09,False
MAP-054,FIN-CRE,ERC-3525,position_representation,Capability relevance to eligible EVM components; not whole-category implementation or adoption,recommendation,medium,"[""https://github.com/ethereum/ERCs/blob/f4c23717b6a6fc48436bb6778dcecce29cc5345c/ERCS/erc-3525.md"", ""CATEGORIES.md""]",f4c23717b6a6fc48436bb6778dcecce29cc5345c,2026-09-09,False
MAP-055,FIN-DER,ERC-3525,position_representation,Capability relevance to eligible EVM components; not whole-category implementation or adoption,recommendation,medium,"[""https://github.com/ethereum/ERCs/blob/f4c23717b6a6fc48436bb6778dcecce29cc5345c/ERCS/erc-3525.md"", ""CATEGORIES.md""]",f4c23717b6a6fc48436bb6778dcecce29cc5345c,2026-09-09,False
MAP-056,FIN-RSK,ERC-3525,position_representation,Capability relevance to eligible EVM components; not whole-category implementation or adoption,recommendation,medium,"[""https://github.com/ethereum/ERCs/blob/f4c23717b6a6fc48436bb6778dcecce29cc5345c/ERCS/erc-3525.md"", ""CATEGORIES.md""]",f4c23717b6a6fc48436bb6778dcecce29cc5345c,2026-09-09,False
MAP-057,FIN-CAP,ERC-3475,position_representation,Capability relevance to eligible EVM components; not whole-category implementation or adoption,recommendation,medium,"[""https://github.com/ethereum/ERCs/blob/f4c23717b6a6fc48436bb6778dcecce29cc5345c/ERCS/erc-3475.md"", ""CATEGORIES.md""]",f4c23717b6a6fc48436bb6778dcecce29cc5345c,2026-09-09,False
MAP-058,FIN-CRE,ERC-3475,position_representation,Capability relevance to eligible EVM components; not whole-category implementation or adoption,recommendation,medium,"[""https://github.com/ethereum/ERCs/blob/f4c23717b6a6fc48436bb6778dcecce29cc5345c/ERCS/erc-3475.md"", ""CATEGORIES.md""]",f4c23717b6a6fc48436bb6778dcecce29cc5345c,2026-09-09,False
MAP-059,FIN-CAP,ERC-7092,position_representation,Capability relevance to eligible EVM components; not whole-category implementation or adoption,recommendation,medium,"[""https://github.com/ethereum/ERCs/blob/f4c23717b6a6fc48436bb6778dcecce29cc5345c/ERCS/erc-7092.md"", ""CATEGORIES.md""]",f4c23717b6a6fc48436bb6778dcecce29cc5345c,2026-09-09,False
MAP-060,FIN-CRE,ERC-7092,position_representation,Capability relevance to eligible EVM components; not whole-category implementation or adoption,recommendation,medium,"[""https://github.com/ethereum/ERCs/blob/f4c23717b6a6fc48436bb6778dcecce29cc5345c/ERCS/erc-7092.md"", ""CATEGORIES.md""]",f4c23717b6a6fc48436bb6778dcecce29cc5345c,2026-09-09,False
MAP-061,FIN-MON,ERC-3643,authorization,Capability relevance to eligible EVM components; not whole-category implementation or adoption,recommendation,medium,"[""https://github.com/ethereum/ERCs/blob/f4c23717b6a6fc48436bb6778dcecce29cc5345c/ERCS/erc-3643.md"", ""CATEGORIES.md""]",f4c23717b6a6fc48436bb6778dcecce29cc5345c,2026-09-09,False
MAP-062,FIN-CAP,ERC-3643,authorization,Capability relevance to eligible EVM components; not whole-category implementation or adoption,recommendation,medium,"[""https://github.com/ethereum/ERCs/blob/f4c23717b6a6fc48436bb6778dcecce29cc5345c/ERCS/erc-3643.md"", ""CATEGORIES.md""]",f4c23717b6a6fc48436bb6778dcecce29cc5345c,2026-09-09,False
MAP-063,FIN-CRE,ERC-3643,authorization,Capability relevance to eligible EVM components; not whole-category implementation or adoption,recommendation,medium,"[""https://github.com/ethereum/ERCs/blob/f4c23717b6a6fc48436bb6778dcecce29cc5345c/ERCS/erc-3643.md"", ""CATEGORIES.md""]",f4c23717b6a6fc48436bb6778dcecce29cc5345c,2026-09-09,False
MAP-064,FIN-MGT,ERC-3643,authorization,Capability relevance to eligible EVM components; not whole-category implementation or adoption,recommendation,medium,"[""https://github.com/ethereum/ERCs/blob/f4c23717b6a6fc48436bb6778dcecce29cc5345c/ERCS/erc-3643.md"", ""CATEGORIES.md""]",f4c23717b6a6fc48436bb6778dcecce29cc5345c,2026-09-09,False
MAP-065,FIN-MON,ERC-7943,authorization,Capability relevance to eligible EVM components; not whole-category implementation or adoption,recommendation,medium,"[""https://github.com/ethereum/ERCs/blob/f4c23717b6a6fc48436bb6778dcecce29cc5345c/ERCS/erc-7943.md"", ""CATEGORIES.md""]",f4c23717b6a6fc48436bb6778dcecce29cc5345c,2026-09-09,False
MAP-066,FIN-CAP,ERC-7943,authorization,Capability relevance to eligible EVM components; not whole-category implementation or adoption,recommendation,medium,"[""https://github.com/ethereum/ERCs/blob/f4c23717b6a6fc48436bb6778dcecce29cc5345c/ERCS/erc-7943.md"", ""CATEGORIES.md""]",f4c23717b6a6fc48436bb6778dcecce29cc5345c,2026-09-09,False
MAP-067,FIN-CRE,ERC-7943,authorization,Capability relevance to eligible EVM components; not whole-category implementation or adoption,recommendation,medium,"[""https://github.com/ethereum/ERCs/blob/f4c23717b6a6fc48436bb6778dcecce29cc5345c/ERCS/erc-7943.md"", ""CATEGORIES.md""]",f4c23717b6a6fc48436bb6778dcecce29cc5345c,2026-09-09,False
MAP-068,FIN-MGT,ERC-7943,authorization,Capability relevance to eligible EVM components; not whole-category implementation or adoption,recommendation,medium,"[""https://github.com/ethereum/ERCs/blob/f4c23717b6a6fc48436bb6778dcecce29cc5345c/ERCS/erc-7943.md"", ""CATEGORIES.md""]",f4c23717b6a6fc48436bb6778dcecce29cc5345c,2026-09-09,False
MAP-069,FIN-CAP,ERC-1400,authorization,Capability relevance to eligible EVM components; not whole-category implementation or adoption,recommendation,medium,"[""https://github.com/ethereum/EIPs/issues/1411"", ""CATEGORIES.md""]",,2026-09-09,False
MAP-070,FIN-CRE,ERC-1400,authorization,Capability relevance to eligible EVM components; not whole-category implementation or adoption,recommendation,medium,"[""https://github.com/ethereum/EIPs/issues/1411"", ""CATEGORIES.md""]",,2026-09-09,False
MAP-071,FIN-MGT,ERC-1400,authorization,Capability relevance to eligible EVM components; not whole-category implementation or adoption,recommendation,medium,"[""https://github.com/ethereum/EIPs/issues/1411"", ""CATEGORIES.md""]",,2026-09-09,False
MAP-072,FIN-MGT,ERC-5143,execution_interface,Capability relevance to eligible EVM components; not whole-category implementation or adoption,recommendation,medium,"[""https://github.com/ethereum/ERCs/blob/f4c23717b6a6fc48436bb6778dcecce29cc5345c/ERCS/erc-5143.md"", ""CATEGORIES.md""]",f4c23717b6a6fc48436bb6778dcecce29cc5345c,2026-09-09,False
MAP-073,FIN-CRE,ERC-5143,execution_interface,Capability relevance to eligible EVM components; not whole-category implementation or adoption,recommendation,medium,"[""https://github.com/ethereum/ERCs/blob/f4c23717b6a6fc48436bb6778dcecce29cc5345c/ERCS/erc-5143.md"", ""CATEGORIES.md""]",f4c23717b6a6fc48436bb6778dcecce29cc5345c,2026-09-09,False
MAP-074,FIN-MGT,ERC-7887,request_lifecycle,Capability relevance to eligible EVM components; not whole-category implementation or adoption,recommendation,medium,"[""https://github.com/ethereum/ERCs/blob/f4c23717b6a6fc48436bb6778dcecce29cc5345c/ERCS/erc-7887.md"", ""CATEGORIES.md""]",f4c23717b6a6fc48436bb6778dcecce29cc5345c,2026-09-09,False
MAP-075,FIN-CRE,ERC-7887,request_lifecycle,Capability relevance to eligible EVM components; not whole-category implementation or adoption,recommendation,medium,"[""https://github.com/ethereum/ERCs/blob/f4c23717b6a6fc48436bb6778dcecce29cc5345c/ERCS/erc-7887.md"", ""CATEGORIES.md""]",f4c23717b6a6fc48436bb6778dcecce29cc5345c,2026-09-09,False
MAP-076,FIN-MGT,ERC-8330,supporting_infrastructure,Capability relevance to eligible EVM components; not whole-category implementation or adoption,recommendation,medium,"[""https://github.com/ethereum/ERCs/blob/f4c23717b6a6fc48436bb6778dcecce29cc5345c/ERCS/erc-8330.md"", ""CATEGORIES.md""]",f4c23717b6a6fc48436bb6778dcecce29cc5345c,2026-09-09,False
MAP-077,FIN-CRE,ERC-8330,supporting_infrastructure,Capability relevance to eligible EVM components; not whole-category implementation or adoption,recommendation,medium,"[""https://github.com/ethereum/ERCs/blob/f4c23717b6a6fc48436bb6778dcecce29cc5345c/ERCS/erc-8330.md"", ""CATEGORIES.md""]",f4c23717b6a6fc48436bb6778dcecce29cc5345c,2026-09-09,False
MAP-078,FIN-RSK,ERC-8330,supporting_infrastructure,Capability relevance to eligible EVM components; not whole-category implementation or adoption,recommendation,medium,"[""https://github.com/ethereum/ERCs/blob/f4c23717b6a6fc48436bb6778dcecce29cc5345c/ERCS/erc-8330.md"", ""CATEGORIES.md""]",f4c23717b6a6fc48436bb6778dcecce29cc5345c,2026-09-09,False
MAP-079,FIN-MON,ERC-191,authorization,Capability relevance to eligible EVM components; not whole-category implementation or adoption,recommendation,medium,"[""https://github.com/ethereum/ERCs/blob/f4c23717b6a6fc48436bb6778dcecce29cc5345c/ERCS/erc-191.md"", ""CATEGORIES.md""]",f4c23717b6a6fc48436bb6778dcecce29cc5345c,2026-09-09T05:16:05Z,False
MAP-080,FIN-EXC,ERC-191,authorization,Capability relevance to eligible EVM components; not whole-category implementation or adoption,recommendation,medium,"[""https://github.com/ethereum/ERCs/blob/f4c23717b6a6fc48436bb6778dcecce29cc5345c/ERCS/erc-191.md"", ""CATEGORIES.md""]",f4c23717b6a6fc48436bb6778dcecce29cc5345c,2026-09-09T05:16:05Z,False
MAP-081,FIN-CRE,ERC-191,authorization,Capability relevance to eligible EVM components; not whole-category implementation or adoption,recommendation,medium,"[""https://github.com/ethereum/ERCs/blob/f4c23717b6a6fc48436bb6778dcecce29cc5345c/ERCS/erc-191.md"", ""CATEGORIES.md""]",f4c23717b6a6fc48436bb6778dcecce29cc5345c,2026-09-09T05:16:05Z,False
MAP-082,FIN-CAP,ERC-191,authorization,Capability relevance to eligible EVM components; not whole-category implementation or adoption,recommendation,medium,"[""https://github.com/ethereum/ERCs/blob/f4c23717b6a6fc48436bb6778dcecce29cc5345c/ERCS/erc-191.md"", ""CATEGORIES.md""]",f4c23717b6a6fc48436bb6778dcecce29cc5345c,2026-09-09T05:16:05Z,False
MAP-083,FIN-DER,ERC-191,authorization,Capability relevance to eligible EVM components; not whole-category implementation or adoption,recommendation,medium,"[""https://github.com/ethereum/ERCs/blob/f4c23717b6a6fc48436bb6778dcecce29cc5345c/ERCS/erc-191.md"", ""CATEGORIES.md""]",f4c23717b6a6fc48436bb6778dcecce29cc5345c,2026-09-09T05:16:05Z,False
MAP-084,FIN-MGT,ERC-191,authorization,Capability relevance to eligible EVM components; not whole-category implementation or adoption,recommendation,medium,"[""https://github.com/ethereum/ERCs/blob/f4c23717b6a6fc48436bb6778dcecce29cc5345c/ERCS/erc-191.md"", ""CATEGORIES.md""]",f4c23717b6a6fc48436bb6778dcecce29cc5345c,2026-09-09T05:16:05Z,False
MAP-085,FIN-SEC,ERC-191,authorization,Capability relevance to eligible EVM components; not whole-category implementation or adoption,recommendation,medium,"[""https://github.com/ethereum/ERCs/blob/f4c23717b6a6fc48436bb6778dcecce29cc5345c/ERCS/erc-191.md"", ""CATEGORIES.md""]",f4c23717b6a6fc48436bb6778dcecce29cc5345c,2026-09-09T05:16:05Z,False
MAP-086,FIN-RSK,ERC-191,authorization,Capability relevance to eligible EVM components; not whole-category implementation or adoption,recommendation,medium,"[""https://github.com/ethereum/ERCs/blob/f4c23717b6a6fc48436bb6778dcecce29cc5345c/ERCS/erc-191.md"", ""CATEGORIES.md""]",f4c23717b6a6fc48436bb6778dcecce29cc5345c,2026-09-09T05:16:05Z,False
MAP-087,FIN-MON,ERC-2612,authorization,Capability relevance to eligible EVM components; not whole-category implementation or adoption,recommendation,medium,"[""https://github.com/ethereum/ERCs/blob/f4c23717b6a6fc48436bb6778dcecce29cc5345c/ERCS/erc-2612.md"", ""CATEGORIES.md""]",f4c23717b6a6fc48436bb6778dcecce29cc5345c,2026-09-09T05:16:05Z,False
MAP-088,FIN-EXC,ERC-2612,authorization,Capability relevance to eligible EVM components; not whole-category implementation or adoption,recommendation,medium,"[""https://github.com/ethereum/ERCs/blob/f4c23717b6a6fc48436bb6778dcecce29cc5345c/ERCS/erc-2612.md"", ""CATEGORIES.md""]",f4c23717b6a6fc48436bb6778dcecce29cc5345c,2026-09-09T05:16:05Z,False
MAP-089,FIN-CRE,ERC-2612,authorization,Capability relevance to eligible EVM components; not whole-category implementation or adoption,recommendation,medium,"[""https://github.com/ethereum/ERCs/blob/f4c23717b6a6fc48436bb6778dcecce29cc5345c/ERCS/erc-2612.md"", ""CATEGORIES.md""]",f4c23717b6a6fc48436bb6778dcecce29cc5345c,2026-09-09T05:16:05Z,False
MAP-090,FIN-MGT,ERC-2612,authorization,Capability relevance to eligible EVM components; not whole-category implementation or adoption,recommendation,medium,"[""https://github.com/ethereum/ERCs/blob/f4c23717b6a6fc48436bb6778dcecce29cc5345c/ERCS/erc-2612.md"", ""CATEGORIES.md""]",f4c23717b6a6fc48436bb6778dcecce29cc5345c,2026-09-09T05:16:05Z,False
MAP-091,FIN-MON,ERC-3009,authorization,Capability relevance to eligible EVM components; not whole-category implementation or adoption,recommendation,medium,"[""https://github.com/ethereum/ERCs/blob/f4c23717b6a6fc48436bb6778dcecce29cc5345c/ERCS/erc-3009.md"", ""CATEGORIES.md""]",f4c23717b6a6fc48436bb6778dcecce29cc5345c,2026-09-09T05:16:05Z,False
MAP-092,FIN-EXC,ERC-3009,authorization,Capability relevance to eligible EVM components; not whole-category implementation or adoption,recommendation,medium,"[""https://github.com/ethereum/ERCs/blob/f4c23717b6a6fc48436bb6778dcecce29cc5345c/ERCS/erc-3009.md"", ""CATEGORIES.md""]",f4c23717b6a6fc48436bb6778dcecce29cc5345c,2026-09-09T05:16:05Z,False
MAP-093,FIN-EXC,ERC-4494,authorization,Capability relevance to eligible EVM components; not whole-category implementation or adoption,recommendation,medium,"[""https://github.com/ethereum/ERCs/blob/f4c23717b6a6fc48436bb6778dcecce29cc5345c/ERCS/erc-4494.md"", ""CATEGORIES.md""]",f4c23717b6a6fc48436bb6778dcecce29cc5345c,2026-09-09T05:16:05Z,False
MAP-094,FIN-CRE,ERC-4494,authorization,Capability relevance to eligible EVM components; not whole-category implementation or adoption,recommendation,medium,"[""https://github.com/ethereum/ERCs/blob/f4c23717b6a6fc48436bb6778dcecce29cc5345c/ERCS/erc-4494.md"", ""CATEGORIES.md""]",f4c23717b6a6fc48436bb6778dcecce29cc5345c,2026-09-09T05:16:05Z,False
MAP-095,FIN-MGT,ERC-4494,authorization,Capability relevance to eligible EVM components; not whole-category implementation or adoption,recommendation,medium,"[""https://github.com/ethereum/ERCs/blob/f4c23717b6a6fc48436bb6778dcecce29cc5345c/ERCS/erc-4494.md"", ""CATEGORIES.md""]",f4c23717b6a6fc48436bb6778dcecce29cc5345c,2026-09-09T05:16:05Z,False
MAP-096,FIN-MON,ERC-1271,authorization,Capability relevance to eligible EVM components; not whole-category implementation or adoption,recommendation,medium,"[""https://github.com/ethereum/ERCs/blob/f4c23717b6a6fc48436bb6778dcecce29cc5345c/ERCS/erc-1271.md"", ""CATEGORIES.md""]",f4c23717b6a6fc48436bb6778dcecce29cc5345c,2026-09-09T05:16:05Z,False
MAP-097,FIN-EXC,ERC-1271,authorization,Capability relevance to eligible EVM components; not whole-category implementation or adoption,recommendation,medium,"[""https://github.com/ethereum/ERCs/blob/f4c23717b6a6fc48436bb6778dcecce29cc5345c/ERCS/erc-1271.md"", ""CATEGORIES.md""]",f4c23717b6a6fc48436bb6778dcecce29cc5345c,2026-09-09T05:16:05Z,False
MAP-098,FIN-CRE,ERC-1271,authorization,Capability relevance to eligible EVM components; not whole-category implementation or adoption,recommendation,medium,"[""https://github.com/ethereum/ERCs/blob/f4c23717b6a6fc48436bb6778dcecce29cc5345c/ERCS/erc-1271.md"", ""CATEGORIES.md""]",f4c23717b6a6fc48436bb6778dcecce29cc5345c,2026-09-09T05:16:05Z,False
MAP-099,FIN-CAP,ERC-1271,authorization,Capability relevance to eligible EVM components; not whole-category implementation or adoption,recommendation,medium,"[""https://github.com/ethereum/ERCs/blob/f4c23717b6a6fc48436bb6778dcecce29cc5345c/ERCS/erc-1271.md"", ""CATEGORIES.md""]",f4c23717b6a6fc48436bb6778dcecce29cc5345c,2026-09-09T05:16:05Z,False
MAP-100,FIN-DER,ERC-1271,authorization,Capability relevance to eligible EVM components; not whole-category implementation or adoption,recommendation,medium,"[""https://github.com/ethereum/ERCs/blob/f4c23717b6a6fc48436bb6778dcecce29cc5345c/ERCS/erc-1271.md"", ""CATEGORIES.md""]",f4c23717b6a6fc48436bb6778dcecce29cc5345c,2026-09-09T05:16:05Z,False
MAP-101,FIN-MGT,ERC-1271,authorization,Capability relevance to eligible EVM components; not whole-category implementation or adoption,recommendation,medium,"[""https://github.com/ethereum/ERCs/blob/f4c23717b6a6fc48436bb6778dcecce29cc5345c/ERCS/erc-1271.md"", ""CATEGORIES.md""]",f4c23717b6a6fc48436bb6778dcecce29cc5345c,2026-09-09T05:16:05Z,False
MAP-102,FIN-SEC,ERC-1271,authorization,Capability relevance to eligible EVM components; not whole-category implementation or adoption,recommendation,medium,"[""https://github.com/ethereum/ERCs/blob/f4c23717b6a6fc48436bb6778dcecce29cc5345c/ERCS/erc-1271.md"", ""CATEGORIES.md""]",f4c23717b6a6fc48436bb6778dcecce29cc5345c,2026-09-09T05:16:05Z,False
MAP-103,FIN-RSK,ERC-1271,authorization,Capability relevance to eligible EVM components; not whole-category implementation or adoption,recommendation,medium,"[""https://github.com/ethereum/ERCs/blob/f4c23717b6a6fc48436bb6778dcecce29cc5345c/ERCS/erc-1271.md"", ""CATEGORIES.md""]",f4c23717b6a6fc48436bb6778dcecce29cc5345c,2026-09-09T05:16:05Z,False
MAP-104,FIN-MON,ERC-6492,authorization,Capability relevance to eligible EVM components; not whole-category implementation or adoption,recommendation,medium,"[""https://github.com/ethereum/ERCs/blob/f4c23717b6a6fc48436bb6778dcecce29cc5345c/ERCS/erc-6492.md"", ""CATEGORIES.md""]",f4c23717b6a6fc48436bb6778dcecce29cc5345c,2026-09-09T05:16:05Z,False
MAP-105,FIN-EXC,ERC-6492,authorization,Capability relevance to eligible EVM components; not whole-category implementation or adoption,recommendation,medium,"[""https://github.com/ethereum/ERCs/blob/f4c23717b6a6fc48436bb6778dcecce29cc5345c/ERCS/erc-6492.md"", ""CATEGORIES.md""]",f4c23717b6a6fc48436bb6778dcecce29cc5345c,2026-09-09T05:16:05Z,False
MAP-106,FIN-MGT,ERC-6492,authorization,Capability relevance to eligible EVM components; not whole-category implementation or adoption,recommendation,medium,"[""https://github.com/ethereum/ERCs/blob/f4c23717b6a6fc48436bb6778dcecce29cc5345c/ERCS/erc-6492.md"", ""CATEGORIES.md""]",f4c23717b6a6fc48436bb6778dcecce29cc5345c,2026-09-09T05:16:05Z,False
MAP-107,FIN-MON,EIP-712,authorization,Capability relevance to eligible EVM components; not whole-category implementation or adoption,recommendation,medium,"[""https://github.com/ethereum/EIPs/blob/991d932f52a56477753cd9f62114b842cd77275c/EIPS/eip-712.md"", ""CATEGORIES.md""]",991d932f52a56477753cd9f62114b842cd77275c,2026-09-09T05:16:05Z,False
MAP-108,FIN-EXC,EIP-712,authorization,Capability relevance to eligible EVM components; not whole-category implementation or adoption,recommendation,medium,"[""https://github.com/ethereum/EIPs/blob/991d932f52a56477753cd9f62114b842cd77275c/EIPS/eip-712.md"", ""CATEGORIES.md""]",991d932f52a56477753cd9f62114b842cd77275c,2026-09-09T05:16:05Z,False
MAP-109,FIN-CRE,EIP-712,authorization,Capability relevance to eligible EVM components; not whole-category implementation or adoption,recommendation,medium,"[""https://github.com/ethereum/EIPs/blob/991d932f52a56477753cd9f62114b842cd77275c/EIPS/eip-712.md"", ""CATEGORIES.md""]",991d932f52a56477753cd9f62114b842cd77275c,2026-09-09T05:16:05Z,False
MAP-110,FIN-CAP,EIP-712,authorization,Capability relevance to eligible EVM components; not whole-category implementation or adoption,recommendation,medium,"[""https://github.com/ethereum/EIPs/blob/991d932f52a56477753cd9f62114b842cd77275c/EIPS/eip-712.md"", ""CATEGORIES.md""]",991d932f52a56477753cd9f62114b842cd77275c,2026-09-09T05:16:05Z,False
MAP-111,FIN-DER,EIP-712,authorization,Capability relevance to eligible EVM components; not whole-category implementation or adoption,recommendation,medium,"[""https://github.com/ethereum/EIPs/blob/991d932f52a56477753cd9f62114b842cd77275c/EIPS/eip-712.md"", ""CATEGORIES.md""]",991d932f52a56477753cd9f62114b842cd77275c,2026-09-09T05:16:05Z,False
MAP-112,FIN-MGT,EIP-712,authorization,Capability relevance to eligible EVM components; not whole-category implementation or adoption,recommendation,medium,"[""https://github.com/ethereum/EIPs/blob/991d932f52a56477753cd9f62114b842cd77275c/EIPS/eip-712.md"", ""CATEGORIES.md""]",991d932f52a56477753cd9f62114b842cd77275c,2026-09-09T05:16:05Z,False
MAP-113,FIN-SEC,EIP-712,authorization,Capability relevance to eligible EVM components; not whole-category implementation or adoption,recommendation,medium,"[""https://github.com/ethereum/EIPs/blob/991d932f52a56477753cd9f62114b842cd77275c/EIPS/eip-712.md"", ""CATEGORIES.md""]",991d932f52a56477753cd9f62114b842cd77275c,2026-09-09T05:16:05Z,False
MAP-114,FIN-RSK,EIP-712,authorization,Capability relevance to eligible EVM components; not whole-category implementation or adoption,recommendation,medium,"[""https://github.com/ethereum/EIPs/blob/991d932f52a56477753cd9f62114b842cd77275c/EIPS/eip-712.md"", ""CATEGORIES.md""]",991d932f52a56477753cd9f62114b842cd77275c,2026-09-09T05:16:05Z,False
MAP-115,FIN-MON,ERC-5164,messaging,Capability relevance to eligible EVM components; not whole-category implementation or adoption,recommendation,medium,"[""https://github.com/ethereum/ERCs/blob/f4c23717b6a6fc48436bb6778dcecce29cc5345c/ERCS/erc-5164.md"", ""CATEGORIES.md""]",f4c23717b6a6fc48436bb6778dcecce29cc5345c,2026-09-09T05:16:05Z,False
MAP-116,FIN-EXC,ERC-5164,messaging,Capability relevance to eligible EVM components; not whole-category implementation or adoption,recommendation,medium,"[""https://github.com/ethereum/ERCs/blob/f4c23717b6a6fc48436bb6778dcecce29cc5345c/ERCS/erc-5164.md"", ""CATEGORIES.md""]",f4c23717b6a6fc48436bb6778dcecce29cc5345c,2026-09-09T05:16:05Z,False
MAP-117,FIN-CRE,ERC-5164,messaging,Capability relevance to eligible EVM components; not whole-category implementation or adoption,recommendation,medium,"[""https://github.com/ethereum/ERCs/blob/f4c23717b6a6fc48436bb6778dcecce29cc5345c/ERCS/erc-5164.md"", ""CATEGORIES.md""]",f4c23717b6a6fc48436bb6778dcecce29cc5345c,2026-09-09T05:16:05Z,False
MAP-118,FIN-MGT,ERC-5164,messaging,Capability relevance to eligible EVM components; not whole-category implementation or adoption,recommendation,medium,"[""https://github.com/ethereum/ERCs/blob/f4c23717b6a6fc48436bb6778dcecce29cc5345c/ERCS/erc-5164.md"", ""CATEGORIES.md""]",f4c23717b6a6fc48436bb6778dcecce29cc5345c,2026-09-09T05:16:05Z,False
MAP-119,FIN-EXC,ERC-7683,execution_interface,Capability relevance to eligible EVM components; not whole-category implementation or adoption,recommendation,medium,"[""https://github.com/ethereum/ERCs/blob/f4c23717b6a6fc48436bb6778dcecce29cc5345c/ERCS/erc-7683.md"", ""CATEGORIES.md""]",f4c23717b6a6fc48436bb6778dcecce29cc5345c,2026-09-09T05:16:05Z,False
MAP-120,FIN-MON,ERC-7786,messaging,Capability relevance to eligible EVM components; not whole-category implementation or adoption,recommendation,medium,"[""https://github.com/ethereum/ERCs/blob/f4c23717b6a6fc48436bb6778dcecce29cc5345c/ERCS/erc-7786.md"", ""CATEGORIES.md""]",f4c23717b6a6fc48436bb6778dcecce29cc5345c,2026-09-09T05:16:05Z,False
MAP-121,FIN-EXC,ERC-7786,messaging,Capability relevance to eligible EVM components; not whole-category implementation or adoption,recommendation,medium,"[""https://github.com/ethereum/ERCs/blob/f4c23717b6a6fc48436bb6778dcecce29cc5345c/ERCS/erc-7786.md"", ""CATEGORIES.md""]",f4c23717b6a6fc48436bb6778dcecce29cc5345c,2026-09-09T05:16:05Z,False
MAP-122,FIN-CRE,ERC-7786,messaging,Capability relevance to eligible EVM components; not whole-category implementation or adoption,recommendation,medium,"[""https://github.com/ethereum/ERCs/blob/f4c23717b6a6fc48436bb6778dcecce29cc5345c/ERCS/erc-7786.md"", ""CATEGORIES.md""]",f4c23717b6a6fc48436bb6778dcecce29cc5345c,2026-09-09T05:16:05Z,False
MAP-123,FIN-MGT,ERC-7786,messaging,Capability relevance to eligible EVM components; not whole-category implementation or adoption,recommendation,medium,"[""https://github.com/ethereum/ERCs/blob/f4c23717b6a6fc48436bb6778dcecce29cc5345c/ERCS/erc-7786.md"", ""CATEGORIES.md""]",f4c23717b6a6fc48436bb6778dcecce29cc5345c,2026-09-09T05:16:05Z,False
MAP-124,FIN-MON,ERC-7802,execution_interface,Capability relevance to eligible EVM components; not whole-category implementation or adoption,recommendation,medium,"[""https://github.com/ethereum/ERCs/blob/f4c23717b6a6fc48436bb6778dcecce29cc5345c/ERCS/erc-7802.md"", ""CATEGORIES.md""]",f4c23717b6a6fc48436bb6778dcecce29cc5345c,2026-09-09T05:16:05Z,False
MAP-125,FIN-EXC,ERC-7802,execution_interface,Capability relevance to eligible EVM components; not whole-category implementation or adoption,recommendation,medium,"[""https://github.com/ethereum/ERCs/blob/f4c23717b6a6fc48436bb6778dcecce29cc5345c/ERCS/erc-7802.md"", ""CATEGORIES.md""]",f4c23717b6a6fc48436bb6778dcecce29cc5345c,2026-09-09T05:16:05Z,False
MAP-126,FIN-MGT,ERC-7802,execution_interface,Capability relevance to eligible EVM components; not whole-category implementation or adoption,recommendation,medium,"[""https://github.com/ethereum/ERCs/blob/f4c23717b6a6fc48436bb6778dcecce29cc5345c/ERCS/erc-7802.md"", ""CATEGORIES.md""]",f4c23717b6a6fc48436bb6778dcecce29cc5345c,2026-09-09T05:16:05Z,False
MAP-127,FIN-MON,ERC-7930,supporting_infrastructure,Capability relevance to eligible EVM components; not whole-category implementation or adoption,recommendation,medium,"[""https://github.com/ethereum/ERCs/blob/f4c23717b6a6fc48436bb6778dcecce29cc5345c/ERCS/erc-7930.md"", ""CATEGORIES.md""]",f4c23717b6a6fc48436bb6778dcecce29cc5345c,2026-09-09T05:16:05Z,False
MAP-128,FIN-EXC,ERC-7930,supporting_infrastructure,Capability relevance to eligible EVM components; not whole-category implementation or adoption,recommendation,medium,"[""https://github.com/ethereum/ERCs/blob/f4c23717b6a6fc48436bb6778dcecce29cc5345c/ERCS/erc-7930.md"", ""CATEGORIES.md""]",f4c23717b6a6fc48436bb6778dcecce29cc5345c,2026-09-09T05:16:05Z,False
MAP-129,FIN-CRE,ERC-7930,supporting_infrastructure,Capability relevance to eligible EVM components; not whole-category implementation or adoption,recommendation,medium,"[""https://github.com/ethereum/ERCs/blob/f4c23717b6a6fc48436bb6778dcecce29cc5345c/ERCS/erc-7930.md"", ""CATEGORIES.md""]",f4c23717b6a6fc48436bb6778dcecce29cc5345c,2026-09-09T05:16:05Z,False
MAP-130,FIN-MGT,ERC-7930,supporting_infrastructure,Capability relevance to eligible EVM components; not whole-category implementation or adoption,recommendation,medium,"[""https://github.com/ethereum/ERCs/blob/f4c23717b6a6fc48436bb6778dcecce29cc5345c/ERCS/erc-7930.md"", ""CATEGORIES.md""]",f4c23717b6a6fc48436bb6778dcecce29cc5345c,2026-09-09T05:16:05Z,False
MAP-131,FIN-CRE,ERC-3668,supporting_infrastructure,Capability relevance to eligible EVM components; not whole-category implementation or adoption,recommendation,medium,"[""https://github.com/ethereum/ERCs/blob/f4c23717b6a6fc48436bb6778dcecce29cc5345c/ERCS/erc-3668.md"", ""CATEGORIES.md""]",f4c23717b6a6fc48436bb6778dcecce29cc5345c,2026-09-09T05:16:05Z,False
MAP-132,FIN-DER,ERC-3668,supporting_infrastructure,Capability relevance to eligible EVM components; not whole-category implementation or adoption,recommendation,medium,"[""https://github.com/ethereum/ERCs/blob/f4c23717b6a6fc48436bb6778dcecce29cc5345c/ERCS/erc-3668.md"", ""CATEGORIES.md""]",f4c23717b6a6fc48436bb6778dcecce29cc5345c,2026-09-09T05:16:05Z,False
MAP-133,FIN-MGT,ERC-3668,supporting_infrastructure,Capability relevance to eligible EVM components; not whole-category implementation or adoption,recommendation,medium,"[""https://github.com/ethereum/ERCs/blob/f4c23717b6a6fc48436bb6778dcecce29cc5345c/ERCS/erc-3668.md"", ""CATEGORIES.md""]",f4c23717b6a6fc48436bb6778dcecce29cc5345c,2026-09-09T05:16:05Z,False
MAP-134,FIN-MON,ERC-4337,execution_interface,Capability relevance to eligible EVM components; not whole-category implementation or adoption,recommendation,medium,"[""https://github.com/ethereum/ERCs/blob/f4c23717b6a6fc48436bb6778dcecce29cc5345c/ERCS/erc-4337.md"", ""CATEGORIES.md""]",f4c23717b6a6fc48436bb6778dcecce29cc5345c,2026-09-09T05:16:05Z,False
MAP-135,FIN-EXC,ERC-4337,execution_interface,Capability relevance to eligible EVM components; not whole-category implementation or adoption,recommendation,medium,"[""https://github.com/ethereum/ERCs/blob/f4c23717b6a6fc48436bb6778dcecce29cc5345c/ERCS/erc-4337.md"", ""CATEGORIES.md""]",f4c23717b6a6fc48436bb6778dcecce29cc5345c,2026-09-09T05:16:05Z,False
MAP-136,FIN-CRE,ERC-4337,execution_interface,Capability relevance to eligible EVM components; not whole-category implementation or adoption,recommendation,medium,"[""https://github.com/ethereum/ERCs/blob/f4c23717b6a6fc48436bb6778dcecce29cc5345c/ERCS/erc-4337.md"", ""CATEGORIES.md""]",f4c23717b6a6fc48436bb6778dcecce29cc5345c,2026-09-09T05:16:05Z,False
MAP-137,FIN-CAP,ERC-4337,execution_interface,Capability relevance to eligible EVM components; not whole-category implementation or adoption,recommendation,medium,"[""https://github.com/ethereum/ERCs/blob/f4c23717b6a6fc48436bb6778dcecce29cc5345c/ERCS/erc-4337.md"", ""CATEGORIES.md""]",f4c23717b6a6fc48436bb6778dcecce29cc5345c,2026-09-09T05:16:05Z,False
MAP-138,FIN-DER,ERC-4337,execution_interface,Capability relevance to eligible EVM components; not whole-category implementation or adoption,recommendation,medium,"[""https://github.com/ethereum/ERCs/blob/f4c23717b6a6fc48436bb6778dcecce29cc5345c/ERCS/erc-4337.md"", ""CATEGORIES.md""]",f4c23717b6a6fc48436bb6778dcecce29cc5345c,2026-09-09T05:16:05Z,False
MAP-139,FIN-MGT,ERC-4337,execution_interface,Capability relevance to eligible EVM components; not whole-category implementation or adoption,recommendation,medium,"[""https://github.com/ethereum/ERCs/blob/f4c23717b6a6fc48436bb6778dcecce29cc5345c/ERCS/erc-4337.md"", ""CATEGORIES.md""]",f4c23717b6a6fc48436bb6778dcecce29cc5345c,2026-09-09T05:16:05Z,False
MAP-140,FIN-SEC,ERC-4337,execution_interface,Capability relevance to eligible EVM components; not whole-category implementation or adoption,recommendation,medium,"[""https://github.com/ethereum/ERCs/blob/f4c23717b6a6fc48436bb6778dcecce29cc5345c/ERCS/erc-4337.md"", ""CATEGORIES.md""]",f4c23717b6a6fc48436bb6778dcecce29cc5345c,2026-09-09T05:16:05Z,False
MAP-141,FIN-RSK,ERC-4337,execution_interface,Capability relevance to eligible EVM components; not whole-category implementation or adoption,recommendation,medium,"[""https://github.com/ethereum/ERCs/blob/f4c23717b6a6fc48436bb6778dcecce29cc5345c/ERCS/erc-4337.md"", ""CATEGORIES.md""]",f4c23717b6a6fc48436bb6778dcecce29cc5345c,2026-09-09T05:16:05Z,False
MAP-142,FIN-MON,ERC-6900,execution_interface,Capability relevance to eligible EVM components; not whole-category implementation or adoption,recommendation,medium,"[""https://github.com/ethereum/ERCs/blob/f4c23717b6a6fc48436bb6778dcecce29cc5345c/ERCS/erc-6900.md"", ""CATEGORIES.md""]",f4c23717b6a6fc48436bb6778dcecce29cc5345c,2026-09-09T05:16:05Z,False
MAP-143,FIN-EXC,ERC-6900,execution_interface,Capability relevance to eligible EVM components; not whole-category implementation or adoption,recommendation,medium,"[""https://github.com/ethereum/ERCs/blob/f4c23717b6a6fc48436bb6778dcecce29cc5345c/ERCS/erc-6900.md"", ""CATEGORIES.md""]",f4c23717b6a6fc48436bb6778dcecce29cc5345c,2026-09-09T05:16:05Z,False
MAP-144,FIN-CRE,ERC-6900,execution_interface,Capability relevance to eligible EVM components; not whole-category implementation or adoption,recommendation,medium,"[""https://github.com/ethereum/ERCs/blob/f4c23717b6a6fc48436bb6778dcecce29cc5345c/ERCS/erc-6900.md"", ""CATEGORIES.md""]",f4c23717b6a6fc48436bb6778dcecce29cc5345c,2026-09-09T05:16:05Z,False
MAP-145,FIN-MGT,ERC-6900,execution_interface,Capability relevance to eligible EVM components; not whole-category implementation or adoption,recommendation,medium,"[""https://github.com/ethereum/ERCs/blob/f4c23717b6a6fc48436bb6778dcecce29cc5345c/ERCS/erc-6900.md"", ""CATEGORIES.md""]",f4c23717b6a6fc48436bb6778dcecce29cc5345c,2026-09-09T05:16:05Z,False
MAP-146,FIN-MON,ERC-7579,execution_interface,Capability relevance to eligible EVM components; not whole-category implementation or adoption,recommendation,medium,"[""https://github.com/ethereum/ERCs/blob/f4c23717b6a6fc48436bb6778dcecce29cc5345c/ERCS/erc-7579.md"", ""CATEGORIES.md""]",f4c23717b6a6fc48436bb6778dcecce29cc5345c,2026-09-09T05:16:05Z,False
MAP-147,FIN-EXC,ERC-7579,execution_interface,Capability relevance to eligible EVM components; not whole-category implementation or adoption,recommendation,medium,"[""https://github.com/ethereum/ERCs/blob/f4c23717b6a6fc48436bb6778dcecce29cc5345c/ERCS/erc-7579.md"", ""CATEGORIES.md""]",f4c23717b6a6fc48436bb6778dcecce29cc5345c,2026-09-09T05:16:05Z,False
MAP-148,FIN-CRE,ERC-7579,execution_interface,Capability relevance to eligible EVM components; not whole-category implementation or adoption,recommendation,medium,"[""https://github.com/ethereum/ERCs/blob/f4c23717b6a6fc48436bb6778dcecce29cc5345c/ERCS/erc-7579.md"", ""CATEGORIES.md""]",f4c23717b6a6fc48436bb6778dcecce29cc5345c,2026-09-09T05:16:05Z,False
MAP-149,FIN-MGT,ERC-7579,execution_interface,Capability relevance to eligible EVM components; not whole-category implementation or adoption,recommendation,medium,"[""https://github.com/ethereum/ERCs/blob/f4c23717b6a6fc48436bb6778dcecce29cc5345c/ERCS/erc-7579.md"", ""CATEGORIES.md""]",f4c23717b6a6fc48436bb6778dcecce29cc5345c,2026-09-09T05:16:05Z,False
MAP-150,FIN-MON,EIP-7702,execution_interface,Capability relevance to eligible EVM components; not whole-category implementation or adoption,recommendation,medium,"[""https://github.com/ethereum/EIPs/blob/991d932f52a56477753cd9f62114b842cd77275c/EIPS/eip-7702.md"", ""CATEGORIES.md""]",991d932f52a56477753cd9f62114b842cd77275c,2026-09-09T05:16:05Z,False
MAP-151,FIN-EXC,EIP-7702,execution_interface,Capability relevance to eligible EVM components; not whole-category implementation or adoption,recommendation,medium,"[""https://github.com/ethereum/EIPs/blob/991d932f52a56477753cd9f62114b842cd77275c/EIPS/eip-7702.md"", ""CATEGORIES.md""]",991d932f52a56477753cd9f62114b842cd77275c,2026-09-09T05:16:05Z,False
MAP-152,FIN-CRE,EIP-7702,execution_interface,Capability relevance to eligible EVM components; not whole-category implementation or adoption,recommendation,medium,"[""https://github.com/ethereum/EIPs/blob/991d932f52a56477753cd9f62114b842cd77275c/EIPS/eip-7702.md"", ""CATEGORIES.md""]",991d932f52a56477753cd9f62114b842cd77275c,2026-09-09T05:16:05Z,False
MAP-153,FIN-CAP,EIP-7702,execution_interface,Capability relevance to eligible EVM components; not whole-category implementation or adoption,recommendation,medium,"[""https://github.com/ethereum/EIPs/blob/991d932f52a56477753cd9f62114b842cd77275c/EIPS/eip-7702.md"", ""CATEGORIES.md""]",991d932f52a56477753cd9f62114b842cd77275c,2026-09-09T05:16:05Z,False
MAP-154,FIN-DER,EIP-7702,execution_interface,Capability relevance to eligible EVM components; not whole-category implementation or adoption,recommendation,medium,"[""https://github.com/ethereum/EIPs/blob/991d932f52a56477753cd9f62114b842cd77275c/EIPS/eip-7702.md"", ""CATEGORIES.md""]",991d932f52a56477753cd9f62114b842cd77275c,2026-09-09T05:16:05Z,False
MAP-155,FIN-MGT,EIP-7702,execution_interface,Capability relevance to eligible EVM components; not whole-category implementation or adoption,recommendation,medium,"[""https://github.com/ethereum/EIPs/blob/991d932f52a56477753cd9f62114b842cd77275c/EIPS/eip-7702.md"", ""CATEGORIES.md""]",991d932f52a56477753cd9f62114b842cd77275c,2026-09-09T05:16:05Z,False
MAP-156,FIN-SEC,EIP-7702,execution_interface,Capability relevance to eligible EVM components; not whole-category implementation or adoption,recommendation,medium,"[""https://github.com/ethereum/EIPs/blob/991d932f52a56477753cd9f62114b842cd77275c/EIPS/eip-7702.md"", ""CATEGORIES.md""]",991d932f52a56477753cd9f62114b842cd77275c,2026-09-09T05:16:05Z,False
MAP-157,FIN-RSK,EIP-7702,execution_interface,Capability relevance to eligible EVM components; not whole-category implementation or adoption,recommendation,medium,"[""https://github.com/ethereum/EIPs/blob/991d932f52a56477753cd9f62114b842cd77275c/EIPS/eip-7702.md"", ""CATEGORIES.md""]",991d932f52a56477753cd9f62114b842cd77275c,2026-09-09T05:16:05Z,False
MAP-158,FIN-MON,ERC-5805,governance,Capability relevance to eligible EVM components; not whole-category implementation or adoption,recommendation,medium,"[""https://github.com/ethereum/ERCs/blob/f4c23717b6a6fc48436bb6778dcecce29cc5345c/ERCS/erc-5805.md"", ""CATEGORIES.md""]",f4c23717b6a6fc48436bb6778dcecce29cc5345c,2026-09-09T05:16:05Z,False
MAP-159,FIN-CRE,ERC-5805,governance,Capability relevance to eligible EVM components; not whole-category implementation or adoption,recommendation,medium,"[""https://github.com/ethereum/ERCs/blob/f4c23717b6a6fc48436bb6778dcecce29cc5345c/ERCS/erc-5805.md"", ""CATEGORIES.md""]",f4c23717b6a6fc48436bb6778dcecce29cc5345c,2026-09-09T05:16:05Z,False
MAP-160,FIN-CAP,ERC-5805,governance,Capability relevance to eligible EVM components; not whole-category implementation or adoption,recommendation,medium,"[""https://github.com/ethereum/ERCs/blob/f4c23717b6a6fc48436bb6778dcecce29cc5345c/ERCS/erc-5805.md"", ""CATEGORIES.md""]",f4c23717b6a6fc48436bb6778dcecce29cc5345c,2026-09-09T05:16:05Z,False
MAP-161,FIN-MGT,ERC-5805,governance,Capability relevance to eligible EVM components; not whole-category implementation or adoption,recommendation,medium,"[""https://github.com/ethereum/ERCs/blob/f4c23717b6a6fc48436bb6778dcecce29cc5345c/ERCS/erc-5805.md"", ""CATEGORIES.md""]",f4c23717b6a6fc48436bb6778dcecce29cc5345c,2026-09-09T05:16:05Z,False
MAP-162,FIN-SEC,ERC-5805,governance,Capability relevance to eligible EVM components; not whole-category implementation or adoption,recommendation,medium,"[""https://github.com/ethereum/ERCs/blob/f4c23717b6a6fc48436bb6778dcecce29cc5345c/ERCS/erc-5805.md"", ""CATEGORIES.md""]",f4c23717b6a6fc48436bb6778dcecce29cc5345c,2026-09-09T05:16:05Z,False
MAP-163,FIN-RSK,ERC-5805,governance,Capability relevance to eligible EVM components; not whole-category implementation or adoption,recommendation,medium,"[""https://github.com/ethereum/ERCs/blob/f4c23717b6a6fc48436bb6778dcecce29cc5345c/ERCS/erc-5805.md"", ""CATEGORIES.md""]",f4c23717b6a6fc48436bb6778dcecce29cc5345c,2026-09-09T05:16:05Z,False
MAP-164,FIN-MON,ERC-6372,governance,Capability relevance to eligible EVM components; not whole-category implementation or adoption,recommendation,medium,"[""https://github.com/ethereum/ERCs/blob/f4c23717b6a6fc48436bb6778dcecce29cc5345c/ERCS/erc-6372.md"", ""CATEGORIES.md""]",f4c23717b6a6fc48436bb6778dcecce29cc5345c,2026-09-09T05:16:05Z,False
MAP-165,FIN-CRE,ERC-6372,governance,Capability relevance to eligible EVM components; not whole-category implementation or adoption,recommendation,medium,"[""https://github.com/ethereum/ERCs/blob/f4c23717b6a6fc48436bb6778dcecce29cc5345c/ERCS/erc-6372.md"", ""CATEGORIES.md""]",f4c23717b6a6fc48436bb6778dcecce29cc5345c,2026-09-09T05:16:05Z,False
MAP-166,FIN-CAP,ERC-6372,governance,Capability relevance to eligible EVM components; not whole-category implementation or adoption,recommendation,medium,"[""https://github.com/ethereum/ERCs/blob/f4c23717b6a6fc48436bb6778dcecce29cc5345c/ERCS/erc-6372.md"", ""CATEGORIES.md""]",f4c23717b6a6fc48436bb6778dcecce29cc5345c,2026-09-09T05:16:05Z,False
MAP-167,FIN-MGT,ERC-6372,governance,Capability relevance to eligible EVM components; not whole-category implementation or adoption,recommendation,medium,"[""https://github.com/ethereum/ERCs/blob/f4c23717b6a6fc48436bb6778dcecce29cc5345c/ERCS/erc-6372.md"", ""CATEGORIES.md""]",f4c23717b6a6fc48436bb6778dcecce29cc5345c,2026-09-09T05:16:05Z,False
MAP-168,FIN-SEC,ERC-6372,governance,Capability relevance to eligible EVM components; not whole-category implementation or adoption,recommendation,medium,"[""https://github.com/ethereum/ERCs/blob/f4c23717b6a6fc48436bb6778dcecce29cc5345c/ERCS/erc-6372.md"", ""CATEGORIES.md""]",f4c23717b6a6fc48436bb6778dcecce29cc5345c,2026-09-09T05:16:05Z,False
MAP-169,FIN-RSK,ERC-6372,governance,Capability relevance to eligible EVM components; not whole-category implementation or adoption,recommendation,medium,"[""https://github.com/ethereum/ERCs/blob/f4c23717b6a6fc48436bb6778dcecce29cc5345c/ERCS/erc-6372.md"", ""CATEGORIES.md""]",f4c23717b6a6fc48436bb6778dcecce29cc5345c,2026-09-09T05:16:05Z,False
MAP-170,FIN-MON,ERC-173,governance,Capability relevance to eligible EVM components; not whole-category implementation or adoption,recommendation,medium,"[""https://github.com/ethereum/ERCs/blob/f4c23717b6a6fc48436bb6778dcecce29cc5345c/ERCS/erc-173.md"", ""CATEGORIES.md""]",f4c23717b6a6fc48436bb6778dcecce29cc5345c,2026-09-09T05:16:05Z,False
MAP-171,FIN-EXC,ERC-173,governance,Capability relevance to eligible EVM components; not whole-category implementation or adoption,recommendation,medium,"[""https://github.com/ethereum/ERCs/blob/f4c23717b6a6fc48436bb6778dcecce29cc5345c/ERCS/erc-173.md"", ""CATEGORIES.md""]",f4c23717b6a6fc48436bb6778dcecce29cc5345c,2026-09-09T05:16:05Z,False
MAP-172,FIN-CRE,ERC-173,governance,Capability relevance to eligible EVM components; not whole-category implementation or adoption,recommendation,medium,"[""https://github.com/ethereum/ERCs/blob/f4c23717b6a6fc48436bb6778dcecce29cc5345c/ERCS/erc-173.md"", ""CATEGORIES.md""]",f4c23717b6a6fc48436bb6778dcecce29cc5345c,2026-09-09T05:16:05Z,False
MAP-173,FIN-CAP,ERC-173,governance,Capability relevance to eligible EVM components; not whole-category implementation or adoption,recommendation,medium,"[""https://github.com/ethereum/ERCs/blob/f4c23717b6a6fc48436bb6778dcecce29cc5345c/ERCS/erc-173.md"", ""CATEGORIES.md""]",f4c23717b6a6fc48436bb6778dcecce29cc5345c,2026-09-09T05:16:05Z,False
MAP-174,FIN-DER,ERC-173,governance,Capability relevance to eligible EVM components; not whole-category implementation or adoption,recommendation,medium,"[""https://github.com/ethereum/ERCs/blob/f4c23717b6a6fc48436bb6778dcecce29cc5345c/ERCS/erc-173.md"", ""CATEGORIES.md""]",f4c23717b6a6fc48436bb6778dcecce29cc5345c,2026-09-09T05:16:05Z,False
MAP-175,FIN-MGT,ERC-173,governance,Capability relevance to eligible EVM components; not whole-category implementation or adoption,recommendation,medium,"[""https://github.com/ethereum/ERCs/blob/f4c23717b6a6fc48436bb6778dcecce29cc5345c/ERCS/erc-173.md"", ""CATEGORIES.md""]",f4c23717b6a6fc48436bb6778dcecce29cc5345c,2026-09-09T05:16:05Z,False
MAP-176,FIN-SEC,ERC-173,governance,Capability relevance to eligible EVM components; not whole-category implementation or adoption,recommendation,medium,"[""https://github.com/ethereum/ERCs/blob/f4c23717b6a6fc48436bb6778dcecce29cc5345c/ERCS/erc-173.md"", ""CATEGORIES.md""]",f4c23717b6a6fc48436bb6778dcecce29cc5345c,2026-09-09T05:16:05Z,False
MAP-177,FIN-RSK,ERC-173,governance,Capability relevance to eligible EVM components; not whole-category implementation or adoption,recommendation,medium,"[""https://github.com/ethereum/ERCs/blob/f4c23717b6a6fc48436bb6778dcecce29cc5345c/ERCS/erc-173.md"", ""CATEGORIES.md""]",f4c23717b6a6fc48436bb6778dcecce29cc5345c,2026-09-09T05:16:05Z,False
MAP-178,FIN-MON,ERC-1967,supporting_infrastructure,Capability relevance to eligible EVM components; not whole-category implementation or adoption,recommendation,medium,"[""https://github.com/ethereum/ERCs/blob/f4c23717b6a6fc48436bb6778dcecce29cc5345c/ERCS/erc-1967.md"", ""CATEGORIES.md""]",f4c23717b6a6fc48436bb6778dcecce29cc5345c,2026-09-09T05:16:05Z,False
MAP-179,FIN-EXC,ERC-1967,supporting_infrastructure,Capability relevance to eligible EVM components; not whole-category implementation or adoption,recommendation,medium,"[""https://github.com/ethereum/ERCs/blob/f4c23717b6a6fc48436bb6778dcecce29cc5345c/ERCS/erc-1967.md"", ""CATEGORIES.md""]",f4c23717b6a6fc48436bb6778dcecce29cc5345c,2026-09-09T05:16:05Z,False
MAP-180,FIN-CRE,ERC-1967,supporting_infrastructure,Capability relevance to eligible EVM components; not whole-category implementation or adoption,recommendation,medium,"[""https://github.com/ethereum/ERCs/blob/f4c23717b6a6fc48436bb6778dcecce29cc5345c/ERCS/erc-1967.md"", ""CATEGORIES.md""]",f4c23717b6a6fc48436bb6778dcecce29cc5345c,2026-09-09T05:16:05Z,False
MAP-181,FIN-CAP,ERC-1967,supporting_infrastructure,Capability relevance to eligible EVM components; not whole-category implementation or adoption,recommendation,medium,"[""https://github.com/ethereum/ERCs/blob/f4c23717b6a6fc48436bb6778dcecce29cc5345c/ERCS/erc-1967.md"", ""CATEGORIES.md""]",f4c23717b6a6fc48436bb6778dcecce29cc5345c,2026-09-09T05:16:05Z,False
MAP-182,FIN-DER,ERC-1967,supporting_infrastructure,Capability relevance to eligible EVM components; not whole-category implementation or adoption,recommendation,medium,"[""https://github.com/ethereum/ERCs/blob/f4c23717b6a6fc48436bb6778dcecce29cc5345c/ERCS/erc-1967.md"", ""CATEGORIES.md""]",f4c23717b6a6fc48436bb6778dcecce29cc5345c,2026-09-09T05:16:05Z,False
MAP-183,FIN-MGT,ERC-1967,supporting_infrastructure,Capability relevance to eligible EVM components; not whole-category implementation or adoption,recommendation,medium,"[""https://github.com/ethereum/ERCs/blob/f4c23717b6a6fc48436bb6778dcecce29cc5345c/ERCS/erc-1967.md"", ""CATEGORIES.md""]",f4c23717b6a6fc48436bb6778dcecce29cc5345c,2026-09-09T05:16:05Z,False
MAP-184,FIN-SEC,ERC-1967,supporting_infrastructure,Capability relevance to eligible EVM components; not whole-category implementation or adoption,recommendation,medium,"[""https://github.com/ethereum/ERCs/blob/f4c23717b6a6fc48436bb6778dcecce29cc5345c/ERCS/erc-1967.md"", ""CATEGORIES.md""]",f4c23717b6a6fc48436bb6778dcecce29cc5345c,2026-09-09T05:16:05Z,False
MAP-185,FIN-RSK,ERC-1967,supporting_infrastructure,Capability relevance to eligible EVM components; not whole-category implementation or adoption,recommendation,medium,"[""https://github.com/ethereum/ERCs/blob/f4c23717b6a6fc48436bb6778dcecce29cc5345c/ERCS/erc-1967.md"", ""CATEGORIES.md""]",f4c23717b6a6fc48436bb6778dcecce29cc5345c,2026-09-09T05:16:05Z,False
MAP-186,FIN-MON,ERC-1822,supporting_infrastructure,Capability relevance to eligible EVM components; not whole-category implementation or adoption,recommendation,medium,"[""https://github.com/ethereum/ERCs/blob/f4c23717b6a6fc48436bb6778dcecce29cc5345c/ERCS/erc-1822.md"", ""CATEGORIES.md""]",f4c23717b6a6fc48436bb6778dcecce29cc5345c,2026-09-09T05:16:05Z,False
MAP-187,FIN-EXC,ERC-1822,supporting_infrastructure,Capability relevance to eligible EVM components; not whole-category implementation or adoption,recommendation,medium,"[""https://github.com/ethereum/ERCs/blob/f4c23717b6a6fc48436bb6778dcecce29cc5345c/ERCS/erc-1822.md"", ""CATEGORIES.md""]",f4c23717b6a6fc48436bb6778dcecce29cc5345c,2026-09-09T05:16:05Z,False
MAP-188,FIN-CRE,ERC-1822,supporting_infrastructure,Capability relevance to eligible EVM components; not whole-category implementation or adoption,recommendation,medium,"[""https://github.com/ethereum/ERCs/blob/f4c23717b6a6fc48436bb6778dcecce29cc5345c/ERCS/erc-1822.md"", ""CATEGORIES.md""]",f4c23717b6a6fc48436bb6778dcecce29cc5345c,2026-09-09T05:16:05Z,False
MAP-189,FIN-CAP,ERC-1822,supporting_infrastructure,Capability relevance to eligible EVM components; not whole-category implementation or adoption,recommendation,medium,"[""https://github.com/ethereum/ERCs/blob/f4c23717b6a6fc48436bb6778dcecce29cc5345c/ERCS/erc-1822.md"", ""CATEGORIES.md""]",f4c23717b6a6fc48436bb6778dcecce29cc5345c,2026-09-09T05:16:05Z,False
MAP-190,FIN-DER,ERC-1822,supporting_infrastructure,Capability relevance to eligible EVM components; not whole-category implementation or adoption,recommendation,medium,"[""https://github.com/ethereum/ERCs/blob/f4c23717b6a6fc48436bb6778dcecce29cc5345c/ERCS/erc-1822.md"", ""CATEGORIES.md""]",f4c23717b6a6fc48436bb6778dcecce29cc5345c,2026-09-09T05:16:05Z,False
MAP-191,FIN-MGT,ERC-1822,supporting_infrastructure,Capability relevance to eligible EVM components; not whole-category implementation or adoption,recommendation,medium,"[""https://github.com/ethereum/ERCs/blob/f4c23717b6a6fc48436bb6778dcecce29cc5345c/ERCS/erc-1822.md"", ""CATEGORIES.md""]",f4c23717b6a6fc48436bb6778dcecce29cc5345c,2026-09-09T05:16:05Z,False
MAP-192,FIN-SEC,ERC-1822,supporting_infrastructure,Capability relevance to eligible EVM components; not whole-category implementation or adoption,recommendation,medium,"[""https://github.com/ethereum/ERCs/blob/f4c23717b6a6fc48436bb6778dcecce29cc5345c/ERCS/erc-1822.md"", ""CATEGORIES.md""]",f4c23717b6a6fc48436bb6778dcecce29cc5345c,2026-09-09T05:16:05Z,False
MAP-193,FIN-RSK,ERC-1822,supporting_infrastructure,Capability relevance to eligible EVM components; not whole-category implementation or adoption,recommendation,medium,"[""https://github.com/ethereum/ERCs/blob/f4c23717b6a6fc48436bb6778dcecce29cc5345c/ERCS/erc-1822.md"", ""CATEGORIES.md""]",f4c23717b6a6fc48436bb6778dcecce29cc5345c,2026-09-09T05:16:05Z,False
MAP-194,FIN-MON.1,ERC-20,position_representation,Specific category capability candidate; verify instance relation independently,recommendation,medium,"[""https://github.com/ethereum/ERCs/blob/f4c23717b6a6fc48436bb6778dcecce29cc5345c/ERCS/erc-20.md"", ""CATEGORIES.md""]",f4c23717b6a6fc48436bb6778dcecce29cc5345c,2026-09-09,False
MAP-195,FIN-MON.1,ERC-3643,authorization,Specific category capability candidate; verify instance relation independently,recommendation,medium,"[""https://github.com/ethereum/ERCs/blob/f4c23717b6a6fc48436bb6778dcecce29cc5345c/ERCS/erc-3643.md"", ""CATEGORIES.md""]",f4c23717b6a6fc48436bb6778dcecce29cc5345c,2026-09-09,False
MAP-196,FIN-MON.1,ERC-7943,authorization,Specific category capability candidate; verify instance relation independently,recommendation,medium,"[""https://github.com/ethereum/ERCs/blob/f4c23717b6a6fc48436bb6778dcecce29cc5345c/ERCS/erc-7943.md"", ""CATEGORIES.md""]",f4c23717b6a6fc48436bb6778dcecce29cc5345c,2026-09-09,False
MAP-197,FIN-MON.2,ERC-20,position_representation,Specific category capability candidate; verify instance relation independently,recommendation,medium,"[""https://github.com/ethereum/ERCs/blob/f4c23717b6a6fc48436bb6778dcecce29cc5345c/ERCS/erc-20.md"", ""CATEGORIES.md""]",f4c23717b6a6fc48436bb6778dcecce29cc5345c,2026-09-09,False
MAP-198,FIN-MON.2,ERC-721,position_representation,Specific category capability candidate; verify instance relation independently,recommendation,medium,"[""https://github.com/ethereum/ERCs/blob/f4c23717b6a6fc48436bb6778dcecce29cc5345c/ERCS/erc-721.md"", ""CATEGORIES.md""]",f4c23717b6a6fc48436bb6778dcecce29cc5345c,2026-09-09,False
MAP-199,FIN-MON.2,ERC-2612,authorization,Specific category capability candidate; verify instance relation independently,recommendation,medium,"[""https://github.com/ethereum/ERCs/blob/f4c23717b6a6fc48436bb6778dcecce29cc5345c/ERCS/erc-2612.md"", ""CATEGORIES.md""]",f4c23717b6a6fc48436bb6778dcecce29cc5345c,2026-09-09T05:16:05Z,False
MAP-200,FIN-MON.2,ERC-3009,authorization,Specific category capability candidate; verify instance relation independently,recommendation,medium,"[""https://github.com/ethereum/ERCs/blob/f4c23717b6a6fc48436bb6778dcecce29cc5345c/ERCS/erc-3009.md"", ""CATEGORIES.md""]",f4c23717b6a6fc48436bb6778dcecce29cc5345c,2026-09-09T05:16:05Z,False
MAP-201,FIN-MON.3,ERC-20,position_representation,Specific category capability candidate; verify instance relation independently,recommendation,medium,"[""https://github.com/ethereum/ERCs/blob/f4c23717b6a6fc48436bb6778dcecce29cc5345c/ERCS/erc-20.md"", ""CATEGORIES.md""]",f4c23717b6a6fc48436bb6778dcecce29cc5345c,2026-09-09,False
MAP-202,FIN-MON.3,ERC-1271,authorization,Specific category capability candidate; verify instance relation independently,recommendation,medium,"[""https://github.com/ethereum/ERCs/blob/f4c23717b6a6fc48436bb6778dcecce29cc5345c/ERCS/erc-1271.md"", ""CATEGORIES.md""]",f4c23717b6a6fc48436bb6778dcecce29cc5345c,2026-09-09T05:16:05Z,False
MAP-203,FIN-MON.3,ERC-5164,messaging,Specific category capability candidate; verify instance relation independently,recommendation,medium,"[""https://github.com/ethereum/ERCs/blob/f4c23717b6a6fc48436bb6778dcecce29cc5345c/ERCS/erc-5164.md"", ""CATEGORIES.md""]",f4c23717b6a6fc48436bb6778dcecce29cc5345c,2026-09-09T05:16:05Z,False
MAP-204,FIN-EXC.1,ERC-20,position_representation,Specific category capability candidate; verify instance relation independently,recommendation,medium,"[""https://github.com/ethereum/ERCs/blob/f4c23717b6a6fc48436bb6778dcecce29cc5345c/ERCS/erc-20.md"", ""CATEGORIES.md""]",f4c23717b6a6fc48436bb6778dcecce29cc5345c,2026-09-09,False
MAP-205,FIN-EXC.1,ERC-721,position_representation,Specific category capability candidate; verify instance relation independently,recommendation,medium,"[""https://github.com/ethereum/ERCs/blob/f4c23717b6a6fc48436bb6778dcecce29cc5345c/ERCS/erc-721.md"", ""CATEGORIES.md""]",f4c23717b6a6fc48436bb6778dcecce29cc5345c,2026-09-09,False
MAP-206,FIN-EXC.1,ERC-6909,position_representation,Specific category capability candidate; verify instance relation independently,recommendation,medium,"[""https://github.com/ethereum/ERCs/blob/f4c23717b6a6fc48436bb6778dcecce29cc5345c/ERCS/erc-6909.md"", ""CATEGORIES.md""]",f4c23717b6a6fc48436bb6778dcecce29cc5345c,2026-09-09,False
MAP-207,FIN-EXC.2,ERC-7683,execution_interface,Specific category capability candidate; verify instance relation independently,recommendation,medium,"[""https://github.com/ethereum/ERCs/blob/f4c23717b6a6fc48436bb6778dcecce29cc5345c/ERCS/erc-7683.md"", ""CATEGORIES.md""]",f4c23717b6a6fc48436bb6778dcecce29cc5345c,2026-09-09T05:16:05Z,False
MAP-208,FIN-EXC.2,EIP-712,authorization,Specific category capability candidate; verify instance relation independently,recommendation,medium,"[""https://github.com/ethereum/EIPs/blob/991d932f52a56477753cd9f62114b842cd77275c/EIPS/eip-712.md"", ""CATEGORIES.md""]",991d932f52a56477753cd9f62114b842cd77275c,2026-09-09T05:16:05Z,False
MAP-209,FIN-EXC.2,ERC-1271,authorization,Specific category capability candidate; verify instance relation independently,recommendation,medium,"[""https://github.com/ethereum/ERCs/blob/f4c23717b6a6fc48436bb6778dcecce29cc5345c/ERCS/erc-1271.md"", ""CATEGORIES.md""]",f4c23717b6a6fc48436bb6778dcecce29cc5345c,2026-09-09T05:16:05Z,False
MAP-210,FIN-EXC.2,ERC-2612,authorization,Specific category capability candidate; verify instance relation independently,recommendation,medium,"[""https://github.com/ethereum/ERCs/blob/f4c23717b6a6fc48436bb6778dcecce29cc5345c/ERCS/erc-2612.md"", ""CATEGORIES.md""]",f4c23717b6a6fc48436bb6778dcecce29cc5345c,2026-09-09T05:16:05Z,False
MAP-211,FIN-EXC.2,ERC-3009,authorization,Specific category capability candidate; verify instance relation independently,recommendation,medium,"[""https://github.com/ethereum/ERCs/blob/f4c23717b6a6fc48436bb6778dcecce29cc5345c/ERCS/erc-3009.md"", ""CATEGORIES.md""]",f4c23717b6a6fc48436bb6778dcecce29cc5345c,2026-09-09T05:16:05Z,False
MAP-212,FIN-CRE.1,ERC-20,position_representation,Specific category capability candidate; verify instance relation independently,recommendation,medium,"[""https://github.com/ethereum/ERCs/blob/f4c23717b6a6fc48436bb6778dcecce29cc5345c/ERCS/erc-20.md"", ""CATEGORIES.md""]",f4c23717b6a6fc48436bb6778dcecce29cc5345c,2026-09-09,False
MAP-213,FIN-CRE.1,ERC-4626,accounting_interface,Specific category capability candidate; verify instance relation independently,recommendation,medium,"[""https://github.com/ethereum/ERCs/blob/f4c23717b6a6fc48436bb6778dcecce29cc5345c/ERCS/erc-4626.md"", ""CATEGORIES.md""]",f4c23717b6a6fc48436bb6778dcecce29cc5345c,2026-09-09,False
MAP-214,FIN-CRE.1,ERC-3525,position_representation,Specific category capability candidate; verify instance relation independently,recommendation,medium,"[""https://github.com/ethereum/ERCs/blob/f4c23717b6a6fc48436bb6778dcecce29cc5345c/ERCS/erc-3525.md"", ""CATEGORIES.md""]",f4c23717b6a6fc48436bb6778dcecce29cc5345c,2026-09-09,False
MAP-215,FIN-CRE.1,ERC-3475,position_representation,Specific category capability candidate; verify instance relation independently,recommendation,medium,"[""https://github.com/ethereum/ERCs/blob/f4c23717b6a6fc48436bb6778dcecce29cc5345c/ERCS/erc-3475.md"", ""CATEGORIES.md""]",f4c23717b6a6fc48436bb6778dcecce29cc5345c,2026-09-09,False
MAP-216,FIN-CRE.1,ERC-7092,position_representation,Specific category capability candidate; verify instance relation independently,recommendation,medium,"[""https://github.com/ethereum/ERCs/blob/f4c23717b6a6fc48436bb6778dcecce29cc5345c/ERCS/erc-7092.md"", ""CATEGORIES.md""]",f4c23717b6a6fc48436bb6778dcecce29cc5345c,2026-09-09,False
MAP-217,FIN-CRE.2,ERC-20,position_representation,Specific category capability candidate; verify instance relation independently,recommendation,medium,"[""https://github.com/ethereum/ERCs/blob/f4c23717b6a6fc48436bb6778dcecce29cc5345c/ERCS/erc-20.md"", ""CATEGORIES.md""]",f4c23717b6a6fc48436bb6778dcecce29cc5345c,2026-09-09,False
MAP-218,FIN-CRE.3,ERC-3156,execution_interface,Specific category capability candidate; verify instance relation independently,recommendation,medium,"[""https://github.com/ethereum/ERCs/blob/f4c23717b6a6fc48436bb6778dcecce29cc5345c/ERCS/erc-3156.md"", ""CATEGORIES.md""]",f4c23717b6a6fc48436bb6778dcecce29cc5345c,2026-09-09,False
MAP-219,FIN-CAP.1,ERC-20,position_representation,Specific category capability candidate; verify instance relation independently,recommendation,medium,"[""https://github.com/ethereum/ERCs/blob/f4c23717b6a6fc48436bb6778dcecce29cc5345c/ERCS/erc-20.md"", ""CATEGORIES.md""]",f4c23717b6a6fc48436bb6778dcecce29cc5345c,2026-09-09,False
MAP-220,FIN-CAP.1,ERC-3525,position_representation,Specific category capability candidate; verify instance relation independently,recommendation,medium,"[""https://github.com/ethereum/ERCs/blob/f4c23717b6a6fc48436bb6778dcecce29cc5345c/ERCS/erc-3525.md"", ""CATEGORIES.md""]",f4c23717b6a6fc48436bb6778dcecce29cc5345c,2026-09-09,False
MAP-221,FIN-CAP.1,ERC-3475,position_representation,Specific category capability candidate; verify instance relation independently,recommendation,medium,"[""https://github.com/ethereum/ERCs/blob/f4c23717b6a6fc48436bb6778dcecce29cc5345c/ERCS/erc-3475.md"", ""CATEGORIES.md""]",f4c23717b6a6fc48436bb6778dcecce29cc5345c,2026-09-09,False
MAP-222,FIN-CAP.1,ERC-3643,authorization,Specific category capability candidate; verify instance relation independently,recommendation,medium,"[""https://github.com/ethereum/ERCs/blob/f4c23717b6a6fc48436bb6778dcecce29cc5345c/ERCS/erc-3643.md"", ""CATEGORIES.md""]",f4c23717b6a6fc48436bb6778dcecce29cc5345c,2026-09-09,False
MAP-223,FIN-CAP.2,ERC-20,position_representation,Specific category capability candidate; verify instance relation independently,recommendation,medium,"[""https://github.com/ethereum/ERCs/blob/f4c23717b6a6fc48436bb6778dcecce29cc5345c/ERCS/erc-20.md"", ""CATEGORIES.md""]",f4c23717b6a6fc48436bb6778dcecce29cc5345c,2026-09-09,False
MAP-224,FIN-CAP.2,ERC-1155,position_representation,Specific category capability candidate; verify instance relation independently,recommendation,medium,"[""https://github.com/ethereum/ERCs/blob/f4c23717b6a6fc48436bb6778dcecce29cc5345c/ERCS/erc-1155.md"", ""CATEGORIES.md""]",f4c23717b6a6fc48436bb6778dcecce29cc5345c,2026-09-09,False
MAP-225,FIN-DER.1,ERC-20,position_representation,Specific category capability candidate; verify instance relation independently,recommendation,medium,"[""https://github.com/ethereum/ERCs/blob/f4c23717b6a6fc48436bb6778dcecce29cc5345c/ERCS/erc-20.md"", ""CATEGORIES.md""]",f4c23717b6a6fc48436bb6778dcecce29cc5345c,2026-09-09,False
MAP-226,FIN-DER.2,ERC-20,position_representation,Specific category capability candidate; verify instance relation independently,recommendation,medium,"[""https://github.com/ethereum/ERCs/blob/f4c23717b6a6fc48436bb6778dcecce29cc5345c/ERCS/erc-20.md"", ""CATEGORIES.md""]",f4c23717b6a6fc48436bb6778dcecce29cc5345c,2026-09-09,False
MAP-227,FIN-DER.2,ERC-1155,position_representation,Specific category capability candidate; verify instance relation independently,recommendation,medium,"[""https://github.com/ethereum/ERCs/blob/f4c23717b6a6fc48436bb6778dcecce29cc5345c/ERCS/erc-1155.md"", ""CATEGORIES.md""]",f4c23717b6a6fc48436bb6778dcecce29cc5345c,2026-09-09,False
MAP-228,FIN-DER.2,ERC-3525,position_representation,Specific category capability candidate; verify instance relation independently,recommendation,medium,"[""https://github.com/ethereum/ERCs/blob/f4c23717b6a6fc48436bb6778dcecce29cc5345c/ERCS/erc-3525.md"", ""CATEGORIES.md""]",f4c23717b6a6fc48436bb6778dcecce29cc5345c,2026-09-09,False
MAP-229,FIN-DER.3,ERC-1155,position_representation,Specific category capability candidate; verify instance relation independently,recommendation,medium,"[""https://github.com/ethereum/ERCs/blob/f4c23717b6a6fc48436bb6778dcecce29cc5345c/ERCS/erc-1155.md"", ""CATEGORIES.md""]",f4c23717b6a6fc48436bb6778dcecce29cc5345c,2026-09-09,False
MAP-230,FIN-DER.3,ERC-165,supporting_infrastructure,Specific category capability candidate; verify instance relation independently,recommendation,medium,"[""https://github.com/ethereum/ERCs/blob/f4c23717b6a6fc48436bb6778dcecce29cc5345c/ERCS/erc-165.md"", ""CATEGORIES.md""]",f4c23717b6a6fc48436bb6778dcecce29cc5345c,2026-09-09,False
MAP-231,FIN-DER.4,ERC-5095,position_representation,Specific category capability candidate; verify instance relation independently,recommendation,medium,"[""https://github.com/ethereum/ERCs/blob/f4c23717b6a6fc48436bb6778dcecce29cc5345c/ERCS/erc-5095.md"", ""CATEGORIES.md""]",f4c23717b6a6fc48436bb6778dcecce29cc5345c,2026-09-09,False
MAP-232,FIN-DER.4,ERC-5115,accounting_interface,Specific category capability candidate; verify instance relation independently,recommendation,medium,"[""https://github.com/ethereum/ERCs/blob/f4c23717b6a6fc48436bb6778dcecce29cc5345c/ERCS/erc-5115.md"", ""CATEGORIES.md""]",f4c23717b6a6fc48436bb6778dcecce29cc5345c,2026-09-09,False
MAP-233,FIN-DER.4,ERC-20,position_representation,Specific category capability candidate; verify instance relation independently,recommendation,medium,"[""https://github.com/ethereum/ERCs/blob/f4c23717b6a6fc48436bb6778dcecce29cc5345c/ERCS/erc-20.md"", ""CATEGORIES.md""]",f4c23717b6a6fc48436bb6778dcecce29cc5345c,2026-09-09,False
MAP-234,FIN-MGT.1,ERC-4626,accounting_interface,Specific category capability candidate; verify instance relation independently,recommendation,medium,"[""https://github.com/ethereum/ERCs/blob/f4c23717b6a6fc48436bb6778dcecce29cc5345c/ERCS/erc-4626.md"", ""CATEGORIES.md""]",f4c23717b6a6fc48436bb6778dcecce29cc5345c,2026-09-09,False
MAP-235,FIN-MGT.1,ERC-7540,request_lifecycle,Specific category capability candidate; verify instance relation independently,recommendation,medium,"[""https://github.com/ethereum/ERCs/blob/f4c23717b6a6fc48436bb6778dcecce29cc5345c/ERCS/erc-7540.md"", ""CATEGORIES.md""]",f4c23717b6a6fc48436bb6778dcecce29cc5345c,2026-09-09,False
MAP-236,FIN-MGT.1,ERC-7575,accounting_interface,Specific category capability candidate; verify instance relation independently,recommendation,medium,"[""https://github.com/ethereum/ERCs/blob/f4c23717b6a6fc48436bb6778dcecce29cc5345c/ERCS/erc-7575.md"", ""CATEGORIES.md""]",f4c23717b6a6fc48436bb6778dcecce29cc5345c,2026-09-09,False
MAP-237,FIN-MGT.2,ERC-4626,accounting_interface,Specific category capability candidate; verify instance relation independently,recommendation,medium,"[""https://github.com/ethereum/ERCs/blob/f4c23717b6a6fc48436bb6778dcecce29cc5345c/ERCS/erc-4626.md"", ""CATEGORIES.md""]",f4c23717b6a6fc48436bb6778dcecce29cc5345c,2026-09-09,False
MAP-238,FIN-MGT.2,ERC-7540,request_lifecycle,Specific category capability candidate; verify instance relation independently,recommendation,medium,"[""https://github.com/ethereum/ERCs/blob/f4c23717b6a6fc48436bb6778dcecce29cc5345c/ERCS/erc-7540.md"", ""CATEGORIES.md""]",f4c23717b6a6fc48436bb6778dcecce29cc5345c,2026-09-09,False
MAP-239,FIN-MGT.2,ERC-7575,accounting_interface,Specific category capability candidate; verify instance relation independently,recommendation,medium,"[""https://github.com/ethereum/ERCs/blob/f4c23717b6a6fc48436bb6778dcecce29cc5345c/ERCS/erc-7575.md"", ""CATEGORIES.md""]",f4c23717b6a6fc48436bb6778dcecce29cc5345c,2026-09-09,False
MAP-240,FIN-MGT.2,ERC-3643,authorization,Specific category capability candidate; verify instance relation independently,recommendation,medium,"[""https://github.com/ethereum/ERCs/blob/f4c23717b6a6fc48436bb6778dcecce29cc5345c/ERCS/erc-3643.md"", ""CATEGORIES.md""]",f4c23717b6a6fc48436bb6778dcecce29cc5345c,2026-09-09,False
MAP-241,FIN-MGT.2,ERC-7943,authorization,Specific category capability candidate; verify instance relation independently,recommendation,medium,"[""https://github.com/ethereum/ERCs/blob/f4c23717b6a6fc48436bb6778dcecce29cc5345c/ERCS/erc-7943.md"", ""CATEGORIES.md""]",f4c23717b6a6fc48436bb6778dcecce29cc5345c,2026-09-09,False
MAP-242,FIN-MGT.3,ERC-4626,accounting_interface,Specific category capability candidate; verify instance relation independently,recommendation,medium,"[""https://github.com/ethereum/ERCs/blob/f4c23717b6a6fc48436bb6778dcecce29cc5345c/ERCS/erc-4626.md"", ""CATEGORIES.md""]",f4c23717b6a6fc48436bb6778dcecce29cc5345c,2026-09-09,False
MAP-243,FIN-MGT.3,ERC-721,position_representation,Specific category capability candidate; verify instance relation independently,recommendation,medium,"[""https://github.com/ethereum/ERCs/blob/f4c23717b6a6fc48436bb6778dcecce29cc5345c/ERCS/erc-721.md"", ""CATEGORIES.md""]",f4c23717b6a6fc48436bb6778dcecce29cc5345c,2026-09-09,False
MAP-244,FIN-SEC.1,ERC-20,position_representation,Specific category capability candidate; verify instance relation independently,recommendation,medium,"[""https://github.com/ethereum/ERCs/blob/f4c23717b6a6fc48436bb6778dcecce29cc5345c/ERCS/erc-20.md"", ""CATEGORIES.md""]",f4c23717b6a6fc48436bb6778dcecce29cc5345c,2026-09-09,False
MAP-245,FIN-SEC.2,ERC-20,position_representation,Specific category capability candidate; verify instance relation independently,recommendation,medium,"[""https://github.com/ethereum/ERCs/blob/f4c23717b6a6fc48436bb6778dcecce29cc5345c/ERCS/erc-20.md"", ""CATEGORIES.md""]",f4c23717b6a6fc48436bb6778dcecce29cc5345c,2026-09-09,False
MAP-246,FIN-SEC.2,ERC-721,position_representation,Specific category capability candidate; verify instance relation independently,recommendation,medium,"[""https://github.com/ethereum/ERCs/blob/f4c23717b6a6fc48436bb6778dcecce29cc5345c/ERCS/erc-721.md"", ""CATEGORIES.md""]",f4c23717b6a6fc48436bb6778dcecce29cc5345c,2026-09-09,False
MAP-247,FIN-SEC.3,ERC-20,position_representation,Specific category capability candidate; verify instance relation independently,recommendation,medium,"[""https://github.com/ethereum/ERCs/blob/f4c23717b6a6fc48436bb6778dcecce29cc5345c/ERCS/erc-20.md"", ""CATEGORIES.md""]",f4c23717b6a6fc48436bb6778dcecce29cc5345c,2026-09-09,False
MAP-248,FIN-RSK.1,ERC-721,position_representation,Specific category capability candidate; verify instance relation independently,recommendation,medium,"[""https://github.com/ethereum/ERCs/blob/f4c23717b6a6fc48436bb6778dcecce29cc5345c/ERCS/erc-721.md"", ""CATEGORIES.md""]",f4c23717b6a6fc48436bb6778dcecce29cc5345c,2026-09-09,False
MAP-249,FIN-RSK.1,ERC-20,position_representation,Specific category capability candidate; verify instance relation independently,recommendation,medium,"[""https://github.com/ethereum/ERCs/blob/f4c23717b6a6fc48436bb6778dcecce29cc5345c/ERCS/erc-20.md"", ""CATEGORIES.md""]",f4c23717b6a6fc48436bb6778dcecce29cc5345c,2026-09-09,False
MAP-250,FIN-RSK.2,ERC-20,position_representation,Specific category capability candidate; verify instance relation independently,recommendation,medium,"[""https://github.com/ethereum/ERCs/blob/f4c23717b6a6fc48436bb6778dcecce29cc5345c/ERCS/erc-20.md"", ""CATEGORIES.md""]",f4c23717b6a6fc48436bb6778dcecce29cc5345c,2026-09-09,False
MAP-251,FIN-RSK.2,ERC-3525,position_representation,Specific category capability candidate; verify instance relation independently,recommendation,medium,"[""https://github.com/ethereum/ERCs/blob/f4c23717b6a6fc48436bb6778dcecce29cc5345c/ERCS/erc-3525.md"", ""CATEGORIES.md""]",f4c23717b6a6fc48436bb6778dcecce29cc5345c,2026-09-09,False
MAP-252,FIN-RSK.2,ERC-7575,accounting_interface,Specific category capability candidate; verify instance relation independently,recommendation,medium,"[""https://github.com/ethereum/ERCs/blob/f4c23717b6a6fc48436bb6778dcecce29cc5345c/ERCS/erc-7575.md"", ""CATEGORIES.md""]",f4c23717b6a6fc48436bb6778dcecce29cc5345c,2026-09-09,False
MAP-253,FIN-RSK.3,ERC-20,position_representation,Specific category capability candidate; verify instance relation independently,recommendation,medium,"[""https://github.com/ethereum/ERCs/blob/f4c23717b6a6fc48436bb6778dcecce29cc5345c/ERCS/erc-20.md"", ""CATEGORIES.md""]",f4c23717b6a6fc48436bb6778dcecce29cc5345c,2026-09-09,False
