id	origin	version	first_profile	static_rule	k_rule_or_reject	quint_relevance	fixture	proof_status	old_disposition	status
SRC5:program	financial-agreement-source-v5-grammar.ebnf	Source/5	legacy	unmapped	unmapped	unknown	none	open	map-or-reject	inventory
SRC5:profileDecl	financial-agreement-source-v5-grammar.ebnf	Source/5	legacy	unmapped	unmapped	unknown	none	open	map-or-reject	inventory
SRC5:agreementDecl	financial-agreement-source-v5-grammar.ebnf	Source/5	legacy	unmapped	unmapped	unknown	none	open	map-or-reject	inventory
SRC5:declaration	financial-agreement-source-v5-grammar.ebnf	Source/5	legacy	unmapped	unmapped	unknown	none	open	map-or-reject	inventory
SRC5:unitDecl	financial-agreement-source-v5-grammar.ebnf	Source/5	legacy	unmapped	unmapped	unknown	none	open	map-or-reject	inventory
SRC5:partyDecl	financial-agreement-source-v5-grammar.ebnf	Source/5	legacy	unmapped	unmapped	unknown	none	open	map-or-reject	inventory
SRC5:assetDecl	financial-agreement-source-v5-grammar.ebnf	Source/5	legacy	unmapped	unmapped	unknown	none	open	map-or-reject	inventory
SRC5:recordDecl	financial-agreement-source-v5-grammar.ebnf	Source/5	legacy	unmapped	unmapped	unknown	none	open	map-or-reject	inventory
SRC5:recordField	financial-agreement-source-v5-grammar.ebnf	Source/5	legacy	unmapped	unmapped	unknown	none	open	map-or-reject	inventory
SRC5:operationDecl	financial-agreement-source-v5-grammar.ebnf	Source/5	legacy	unmapped	unmapped	unknown	none	open	map-or-reject	inventory
SRC5:uninitializedStateDecl	financial-agreement-source-v5-grammar.ebnf	Source/5	legacy	unmapped	unmapped	unknown	none	open	map-or-reject	inventory
SRC5:actionDecl	financial-agreement-source-v5-grammar.ebnf	Source/5	legacy	unmapped	unmapped	unknown	none	open	map-or-reject	inventory
SRC5:parameters	financial-agreement-source-v5-grammar.ebnf	Source/5	legacy	unmapped	unmapped	unknown	none	open	map-or-reject	inventory
SRC5:parameter	financial-agreement-source-v5-grammar.ebnf	Source/5	legacy	unmapped	unmapped	unknown	none	open	map-or-reject	inventory
SRC5:statement	financial-agreement-source-v5-grammar.ebnf	Source/5	legacy	unmapped	unmapped	unknown	none	open	map-or-reject	inventory
SRC5:requirement	financial-agreement-source-v5-grammar.ebnf	Source/5	legacy	unmapped	unmapped	unknown	none	open	map-or-reject	inventory
SRC5:binding	financial-agreement-source-v5-grammar.ebnf	Source/5	legacy	unmapped	unmapped	unknown	none	open	map-or-reject	inventory
SRC5:update	financial-agreement-source-v5-grammar.ebnf	Source/5	legacy	unmapped	unmapped	unknown	none	open	map-or-reject	inventory
SRC5:emission	financial-agreement-source-v5-grammar.ebnf	Source/5	legacy	unmapped	unmapped	unknown	none	open	map-or-reject	inventory
SRC5:effectFields	financial-agreement-source-v5-grammar.ebnf	Source/5	legacy	unmapped	unmapped	unknown	none	open	map-or-reject	inventory
SRC5:effectField	financial-agreement-source-v5-grammar.ebnf	Source/5	legacy	unmapped	unmapped	unknown	none	open	map-or-reject	inventory
SRC5:postcondition	financial-agreement-source-v5-grammar.ebnf	Source/5	legacy	unmapped	unmapped	unknown	none	open	map-or-reject	inventory
SRC5:type	financial-agreement-source-v5-grammar.ebnf	Source/5	legacy	unmapped	unmapped	unknown	none	open	map-or-reject	inventory
SRC5:typeArgs	financial-agreement-source-v5-grammar.ebnf	Source/5	legacy	unmapped	unmapped	unknown	none	open	map-or-reject	inventory
SRC5:typeArgument	financial-agreement-source-v5-grammar.ebnf	Source/5	legacy	unmapped	unmapped	unknown	none	open	map-or-reject	inventory
SRC5:signedInteger	financial-agreement-source-v5-grammar.ebnf	Source/5	legacy	unmapped	unmapped	unknown	none	open	map-or-reject	inventory
SRC5:expression	financial-agreement-source-v5-grammar.ebnf	Source/5	legacy	unmapped	unmapped	unknown	none	open	map-or-reject	inventory
SRC5:conditional	financial-agreement-source-v5-grammar.ebnf	Source/5	legacy	unmapped	unmapped	unknown	none	open	map-or-reject	inventory
SRC5:disjunction	financial-agreement-source-v5-grammar.ebnf	Source/5	legacy	unmapped	unmapped	unknown	none	open	map-or-reject	inventory
SRC5:conjunction	financial-agreement-source-v5-grammar.ebnf	Source/5	legacy	unmapped	unmapped	unknown	none	open	map-or-reject	inventory
SRC5:negation	financial-agreement-source-v5-grammar.ebnf	Source/5	legacy	unmapped	unmapped	unknown	none	open	map-or-reject	inventory
SRC5:comparison	financial-agreement-source-v5-grammar.ebnf	Source/5	legacy	unmapped	unmapped	unknown	none	open	map-or-reject	inventory
SRC5:comparisonOp	financial-agreement-source-v5-grammar.ebnf	Source/5	legacy	unmapped	unmapped	unknown	none	open	map-or-reject	inventory
SRC5:sum	financial-agreement-source-v5-grammar.ebnf	Source/5	legacy	unmapped	unmapped	unknown	none	open	map-or-reject	inventory
SRC5:product	financial-agreement-source-v5-grammar.ebnf	Source/5	legacy	unmapped	unmapped	unknown	none	open	map-or-reject	inventory
SRC5:postfix	financial-agreement-source-v5-grammar.ebnf	Source/5	legacy	unmapped	unmapped	unknown	none	open	map-or-reject	inventory
SRC5:ordinaryPrimaryName	financial-agreement-source-v5-grammar.ebnf	Source/5	legacy	unmapped	unmapped	unknown	none	open	map-or-reject	inventory
SRC5:primary	financial-agreement-source-v5-grammar.ebnf	Source/5	legacy	unmapped	unmapped	unknown	none	open	map-or-reject	inventory
SRC5:genericCall	financial-agreement-source-v5-grammar.ebnf	Source/5	legacy	unmapped	unmapped	unknown	none	open	map-or-reject	inventory
SRC5:dynamicOrLiteral	financial-agreement-source-v5-grammar.ebnf	Source/5	legacy	unmapped	unmapped	unknown	none	open	map-or-reject	inventory
SRC5:financialGeneric	financial-agreement-source-v5-grammar.ebnf	Source/5	legacy	unmapped	unmapped	unknown	none	open	map-or-reject	inventory
SRC5:financialRead	financial-agreement-source-v5-grammar.ebnf	Source/5	legacy	unmapped	unmapped	unknown	none	open	map-or-reject	inventory
SRC5:financialPostRead	financial-agreement-source-v5-grammar.ebnf	Source/5	legacy	unmapped	unmapped	unknown	none	open	map-or-reject	inventory
SRC5:recordLiteral	financial-agreement-source-v5-grammar.ebnf	Source/5	legacy	unmapped	unmapped	unknown	none	open	map-or-reject	inventory
SRC5:arguments	financial-agreement-source-v5-grammar.ebnf	Source/5	legacy	unmapped	unmapped	unknown	none	open	map-or-reject	inventory
SRC5:identifier	financial-agreement-source-v5-grammar.ebnf	Source/5	legacy	unmapped	unmapped	unknown	none	open	map-or-reject	inventory
SRC5:integerToken	financial-agreement-source-v5-grammar.ebnf	Source/5	legacy	unmapped	unmapped	unknown	none	open	map-or-reject	inventory
SRC5:stringToken	financial-agreement-source-v5-grammar.ebnf	Source/5	legacy	unmapped	unmapped	unknown	none	open	map-or-reject	inventory
CORE4:ConstructShares	financial-expression-v1.ts	Core/4	legacy	unmapped	unmapped	unknown	none	open	map-or-reject	inventory
CORE4:ConstructAmount	financial-expression-v1.ts	Core/4	legacy	unmapped	unmapped	unknown	none	open	map-or-reject	inventory
CORE4:ConstructVariant	financial-expression-v1.ts	Core/4	legacy	unmapped	unmapped	unknown	none	open	map-or-reject	inventory
CORE4:ProjectVariant	financial-expression-v1.ts	Core/4	legacy	unmapped	unmapped	unknown	none	open	map-or-reject	inventory
CORE4:ConvertUInt	financial-expression-v1.ts	Core/4	legacy	unmapped	unmapped	unknown	none	open	map-or-reject	inventory
CORE4:Select	financial-expression-v1.ts	Core/4	legacy	unmapped	unmapped	unknown	none	open	map-or-reject	inventory
CORE4:LitUInt	financial-expression-v1.ts	Core/4	legacy	unmapped	unmapped	unknown	none	open	map-or-reject	inventory
CORE4:LitBool	financial-expression-v1.ts	Core/4	legacy	unmapped	unmapped	unknown	none	open	map-or-reject	inventory
CORE4:LitAmount	financial-expression-v1.ts	Core/4	legacy	unmapped	unmapped	unknown	none	open	map-or-reject	inventory
CORE4:LitQuantity	financial-expression-v1.ts	Core/4	legacy	unmapped	unmapped	unknown	none	open	map-or-reject	inventory
CORE4:LitShares	financial-expression-v1.ts	Core/4	legacy	unmapped	unmapped	unknown	none	open	map-or-reject	inventory
CORE4:LitRate	financial-expression-v1.ts	Core/4	legacy	unmapped	unmapped	unknown	none	open	map-or-reject	inventory
CORE4:LitPrice	financial-expression-v1.ts	Core/4	legacy	unmapped	unmapped	unknown	none	open	map-or-reject	inventory
CORE4:ReadLocal	financial-expression-v1.ts	Core/4	legacy	unmapped	unmapped	unknown	none	open	map-or-reject	inventory
CORE4:ReadArg	financial-expression-v1.ts	Core/4	legacy	unmapped	unmapped	unknown	none	open	map-or-reject	inventory
CORE4:ProjectField	financial-expression-v1.ts	Core/4	legacy	unmapped	unmapped	unknown	none	open	map-or-reject	inventory
CORE4:ProjectIndex	financial-expression-v1.ts	Core/4	legacy	unmapped	unmapped	unknown	none	open	map-or-reject	inventory
CORE4:ConstructRecord	financial-expression-v1.ts	Core/4	legacy	unmapped	unmapped	unknown	none	open	map-or-reject	inventory
CORE4:ConstructEnum	financial-expression-v1.ts	Core/4	legacy	unmapped	unmapped	unknown	none	open	map-or-reject	inventory
CORE4:ConstructSome	financial-expression-v1.ts	Core/4	legacy	unmapped	unmapped	unknown	none	open	map-or-reject	inventory
CORE4:ConstructCollection	financial-expression-v1.ts	Core/4	legacy	unmapped	unmapped	unknown	none	open	map-or-reject	inventory
CORE4:Add	financial-expression-v1.ts	Core/4	legacy	unmapped	unmapped	unknown	none	open	map-or-reject	inventory
CORE4:Eq	financial-expression-v1.ts	Core/4	legacy	unmapped	unmapped	unknown	none	open	map-or-reject	inventory
CORE4:Not	financial-expression-v1.ts	Core/4	legacy	unmapped	unmapped	unknown	none	open	map-or-reject	inventory
CORE4:Require	financial-expression-v1.ts	Core/4	legacy	unmapped	unmapped	unknown	none	open	map-or-reject	inventory
CORE4:NextWrite	financial-expression-v1.ts	Core/4	legacy	unmapped	unmapped	unknown	none	open	map-or-reject	inventory
CORE4:Emit	financial-expression-v1.ts	Core/4	legacy	unmapped	unmapped	unknown	none	open	map-or-reject	inventory
CORE4:ReadOutstanding	financial-expression-v1.ts	Core/4	legacy	unmapped	unmapped	unknown	none	open	map-or-reject	inventory
CORE4:ReadPrincipal	financial-expression-v1.ts	Core/4	legacy	unmapped	unmapped	unknown	none	open	map-or-reject	inventory
CORE4:ReadAccrued	financial-expression-v1.ts	Core/4	legacy	unmapped	unmapped	unknown	none	open	map-or-reject	inventory
CORE4:ReadBalance	financial-expression-v1.ts	Core/4	legacy	unmapped	unmapped	unknown	none	open	map-or-reject	inventory
CORE4:ReadAllowanceRemaining	financial-expression-v1.ts	Core/4	legacy	unmapped	unmapped	unknown	none	open	map-or-reject	inventory
CORE4:ReadAllowanceSpent	financial-expression-v1.ts	Core/4	legacy	unmapped	unmapped	unknown	none	open	map-or-reject	inventory
CORE4:ReadPostOutstanding	financial-expression-v1.ts	Core/4	legacy	unmapped	unmapped	unknown	none	open	map-or-reject	inventory
CORE4:ReadPostPrincipal	financial-expression-v1.ts	Core/4	legacy	unmapped	unmapped	unknown	none	open	map-or-reject	inventory
CORE4:ReadPostAccrued	financial-expression-v1.ts	Core/4	legacy	unmapped	unmapped	unknown	none	open	map-or-reject	inventory
CORE4:ReadPostBalance	financial-expression-v1.ts	Core/4	legacy	unmapped	unmapped	unknown	none	open	map-or-reject	inventory
CORE4:ReadPostAllowanceRemaining	financial-expression-v1.ts	Core/4	legacy	unmapped	unmapped	unknown	none	open	map-or-reject	inventory
CORE4:ReadPostAllowanceSpent	financial-expression-v1.ts	Core/4	legacy	unmapped	unmapped	unknown	none	open	map-or-reject	inventory
CORE4:ProjectSome	financial-expression-v1.ts	Core/4	legacy	unmapped	unmapped	unknown	none	open	map-or-reject	inventory
CORE4:ScalarValue	financial-expression-v1.ts	Core/4	legacy	unmapped	unmapped	unknown	none	open	map-or-reject	inventory
CORE4:LitSInt	financial-expression-v1.ts	Core/4	legacy	unmapped	unmapped	unknown	none	open	map-or-reject	inventory
CORE4:LitText	financial-expression-v1.ts	Core/4	legacy	unmapped	unmapped	unknown	none	open	map-or-reject	inventory
CORE4:ReadPre	financial-expression-v1.ts	Core/4	legacy	unmapped	unmapped	unknown	none	open	map-or-reject	inventory
CORE4:ReadObs	financial-expression-v1.ts	Core/4	legacy	unmapped	unmapped	unknown	none	open	map-or-reject	inventory
CORE4:AccessField	financial-expression-v1.ts	Core/4	legacy	unmapped	unmapped	unknown	none	open	map-or-reject	inventory
CORE4:AccessIndex	financial-expression-v1.ts	Core/4	legacy	unmapped	unmapped	unknown	none	open	map-or-reject	inventory
CORE4:ConstructNone	financial-expression-v1.ts	Core/4	legacy	unmapped	unmapped	unknown	none	open	map-or-reject	inventory
CORE4:Sub	financial-expression-v1.ts	Core/4	legacy	unmapped	unmapped	unknown	none	open	map-or-reject	inventory
CORE4:Mul	financial-expression-v1.ts	Core/4	legacy	unmapped	unmapped	unknown	none	open	map-or-reject	inventory
CORE4:FloorDiv	financial-expression-v1.ts	Core/4	legacy	unmapped	unmapped	unknown	none	open	map-or-reject	inventory
CORE4:CeilDiv	financial-expression-v1.ts	Core/4	legacy	unmapped	unmapped	unknown	none	open	map-or-reject	inventory
CORE4:Lt	financial-expression-v1.ts	Core/4	legacy	unmapped	unmapped	unknown	none	open	map-or-reject	inventory
CORE4:Lte	financial-expression-v1.ts	Core/4	legacy	unmapped	unmapped	unknown	none	open	map-or-reject	inventory
CORE4:Gt	financial-expression-v1.ts	Core/4	legacy	unmapped	unmapped	unknown	none	open	map-or-reject	inventory
CORE4:Gte	financial-expression-v1.ts	Core/4	legacy	unmapped	unmapped	unknown	none	open	map-or-reject	inventory
CORE4:And	financial-expression-v1.ts	Core/4	legacy	unmapped	unmapped	unknown	none	open	map-or-reject	inventory
CORE4:Or	financial-expression-v1.ts	Core/4	legacy	unmapped	unmapped	unknown	none	open	map-or-reject	inventory
CORE4:Let	financial-expression-v1.ts	Core/4	legacy	unmapped	unmapped	unknown	none	open	map-or-reject	inventory
CORE4:Ensure	financial-expression-v1.ts	Core/4	legacy	unmapped	unmapped	unknown	none	open	map-or-reject	inventory
MIL4:Header	semantics-contract.md	Source/6→Core/5 candidate	shared	proposed	missing	to-classify	none	open	new	proposed
MIL4:SelectedProgram	semantics-contract.md	Source/6→Core/5 candidate	shared	proposed	missing	to-classify	none	open	new	proposed
MIL4:SignedIntent	semantics-contract.md	Source/6→Core/5 candidate	shared	proposed	missing	to-classify	none	open	new	proposed
MIL4:Hole	semantics-contract.md	Source/6→Core/5 candidate	shared	proposed	missing	to-classify	none	open	new	proposed
MIL4:Fill	semantics-contract.md	Source/6→Core/5 candidate	shared	proposed	missing	to-classify	none	open	new	proposed
MIL4:PhiGuard	semantics-contract.md	Source/6→Core/5 candidate	shared	proposed	missing	to-classify	none	open	new	proposed
MIL4:PhiOutcome	semantics-contract.md	Source/6→Core/5 candidate	shared	proposed	missing	to-classify	none	open	new	proposed
MIL4:CertifiedOmega	semantics-contract.md	Source/6→Core/5 candidate	shared	proposed	missing	to-classify	none	open	new	proposed
MIL4:AuthenticatedCell	semantics-contract.md	Source/6→Core/5 candidate	shared	proposed	missing	to-classify	none	open	new	proposed
MIL4:Evidence	semantics-contract.md	Source/6→Core/5 candidate	shared	proposed	missing	to-classify	none	open	new	proposed
MIL4:Grant	semantics-contract.md	Source/6→Core/5 candidate	shared	proposed	missing	to-classify	none	open	new	proposed
MIL4:Budget	semantics-contract.md	Source/6→Core/5 candidate	shared	proposed	missing	to-classify	none	open	new	proposed
MIL4:CompleteEffect	semantics-contract.md	Source/6→Core/5 candidate	shared	proposed	missing	to-classify	none	open	new	proposed
MIL4:RetainedDuty	semantics-contract.md	Source/6→Core/5 candidate	shared	proposed	missing	to-classify	none	open	new	proposed
MIL4:Stage	semantics-contract.md	Source/6→Core/5 candidate	shared	proposed	missing	to-classify	none	open	new	proposed
MIL4:Episode	semantics-contract.md	Source/6→Core/5 candidate	shared	proposed	missing	to-classify	none	open	new	proposed
MIL4:Observation	semantics-contract.md	Source/6→Core/5 candidate	shared	proposed	missing	to-classify	none	open	new	proposed
MIL4:AcceptedFailure	semantics-contract.md	Source/6→Core/5 candidate	shared	proposed	missing	to-classify	none	open	new	proposed
MIL4:AtomicRejection	semantics-contract.md	Source/6→Core/5 candidate	shared	proposed	missing	to-classify	none	open	new	proposed
PROFILE:amm-cp/1	DESIGN-MIL4-WORKING.md	Source/6→Core/5 candidate	amm-cp/1	proposed	FAMILY_STAGE_ADAPTER_ABSENT	yes	none	open	adapt-projection	proposed
PROFILE:loan-fixed/1	DESIGN-MIL4-WORKING.md	Source/6→Core/5 candidate	loan-fixed/1	proposed	FAMILY_STAGE_ADAPTER_ABSENT	yes	none	open	adapt-projection	proposed
PROFILE:cdp/1	DESIGN-MIL4-WORKING.md	Source/6→Core/5 candidate	cdp/1	proposed	FAMILY_STAGE_ADAPTER_ABSENT	yes	none	open	adapt-projection	proposed
PROFILE:opt-capped/1	DESIGN-MIL4-WORKING.md	Source/6→Core/5 candidate	opt-capped/1	proposed	FAMILY_STAGE_ADAPTER_ABSENT	yes	none	open	adapt-projection	proposed
PROFILE:obs/1	DESIGN-MIL4-WORKING.md	Source/6→Core/5 candidate	obs/1	proposed	FAMILY_STAGE_ADAPTER_ABSENT	yes	none	open	adapt-projection	proposed
PROFILE:gov/1	DESIGN-MIL4-WORKING.md	Source/6→Core/5 candidate	gov/1	proposed	FAMILY_STAGE_ADAPTER_ABSENT	yes	none	open	adapt-projection	proposed
PROFILE:bridge-pair/1	DESIGN-MIL4-WORKING.md	Source/6→Core/5 candidate	bridge-pair/1	proposed	FAMILY_STAGE_ADAPTER_ABSENT	yes	none	open	adapt-projection	proposed
PROFILE:vault/1	DESIGN-MIL4-WORKING.md	Source/6→Core/5 candidate	vault/1	proposed	FAMILY_STAGE_ADAPTER_ABSENT	yes	none	open	adapt-projection	proposed
S0:Source6Grammar	financial-agreement-source-v6-grammar.ebnf	Source/6→Core/5 candidate	S0	proposed:Source6-Core5-map	proposed:SOURCE6_SHAPE	yes	none	open	new	specified-only
S0:VersionReject	financial-agreement-source-v6.md	Source/6→Core/5 candidate	S0	proposed:Source6-Core5-map	proposed:SOURCE6_VERSION	yes	none	open	new	specified-only
S0:Header	financial-agreement-source-v6.md	Source/6→Core/5 candidate	S0	proposed:Source6-Core5-map	planned:S0-rule-or-named-reject	yes	none	open	new	specified-only
S0:IntentEnvelope	financial-agreement-source-v6.md	Source/6→Core/5 candidate	S0	proposed:Source6-Core5-map	planned:S0-rule-or-named-reject	yes	none	open	new	specified-only
S0:SignedScope	financial-agreement-source-v6.md	Source/6→Core/5 candidate	S0	proposed:Source6-Core5-map	planned:S0-rule-or-named-reject	yes	none	open	new	specified-only
S0:Signer	financial-agreement-source-v6.md	Source/6→Core/5 candidate	S0	proposed:Source6-Core5-map	planned:S0-rule-or-named-reject	yes	none	open	new	specified-only
S0:Validity	financial-agreement-source-v6.md	Source/6→Core/5 candidate	S0	proposed:Source6-Core5-map	planned:S0-rule-or-named-reject	yes	none	open	new	specified-only
S0:ReplayId	financial-agreement-source-v6.md	Source/6→Core/5 candidate	S0	proposed:Source6-Core5-map	planned:S0-rule-or-named-reject	yes	none	open	new	specified-only
S0:PreHead	financial-agreement-source-v6.md	Source/6→Core/5 candidate	S0	proposed:Source6-Core5-map	planned:S0-rule-or-named-reject	yes	none	open	new	specified-only
S0:PostHead	financial-agreement-source-v6.md	Source/6→Core/5 candidate	S0	proposed:Source6-Core5-map	planned:S0-rule-or-named-reject	yes	none	open	new	specified-only
S0:FeeRecipient	financial-agreement-source-v6.md	Source/6→Core/5 candidate	S0	proposed:Source6-Core5-map	planned:S0-rule-or-named-reject	yes	none	open	new	specified-only
S0:GrossCap	financial-agreement-source-v6.md	Source/6→Core/5 candidate	S0	proposed:Source6-Core5-map	planned:S0-rule-or-named-reject	yes	none	open	new	specified-only
S0:FeeCap	financial-agreement-source-v6.md	Source/6→Core/5 candidate	S0	proposed:Source6-Core5-map	planned:S0-rule-or-named-reject	yes	none	open	new	specified-only
S0:NetFloor	financial-agreement-source-v6.md	Source/6→Core/5 candidate	S0	proposed:Source6-Core5-map	planned:S0-rule-or-named-reject	yes	none	open	new	specified-only
S0:ZeroFeeLine	financial-agreement-source-v6.md	Source/6→Core/5 candidate	S0	proposed:Source6-Core5-map	proposed:S0_EFFECT_MISMATCH	yes	none	open	new	specified-only
S0:EndpointAlias	financial-agreement-source-v6.md	Source/6→Core/5 candidate	S0	proposed:Source6-Core5-map	proposed:S0_INTENT_ALIAS	yes	none	open	new	specified-only
S0:AbsentBalanceCell	financial-agreement-source-v6.md	Source/6→Core/5 candidate	S0	proposed:Source6-Core5-map	proposed:SOURCE6_CELL_SHAPE	yes	none	open	new	specified-only
S0:AllowanceRemaining	financial-agreement-source-v6.md	Source/6→Core/5 candidate	S0	proposed:Source6-Core5-map	planned:S0-rule-or-named-reject	yes	none	open	new	specified-only
S0:AllowanceSpent	financial-agreement-source-v6.md	Source/6→Core/5 candidate	S0	proposed:Source6-Core5-map	planned:S0-rule-or-named-reject	yes	none	open	new	specified-only
S0:ObligationCreditor	financial-agreement-source-v6.md	Source/6→Core/5 candidate	S0	proposed:Source6-Core5-map	planned:S0-rule-or-named-reject	yes	none	open	new	specified-only
S0:ObligationDebtor	financial-agreement-source-v6.md	Source/6→Core/5 candidate	S0	proposed:Source6-Core5-map	planned:S0-rule-or-named-reject	yes	none	open	new	specified-only
S0:ObligationAsset	financial-agreement-source-v6.md	Source/6→Core/5 candidate	S0	proposed:Source6-Core5-map	planned:S0-rule-or-named-reject	yes	none	open	new	specified-only
S0:ObligationStatus	financial-agreement-source-v6.md	Source/6→Core/5 candidate	S0	proposed:Source6-Core5-map	planned:S0-rule-or-named-reject	yes	none	open	new	specified-only
S0:Principal	financial-agreement-source-v6.md	Source/6→Core/5 candidate	S0	proposed:Source6-Core5-map	planned:S0-rule-or-named-reject	yes	none	open	new	specified-only
S0:Accrued	financial-agreement-source-v6.md	Source/6→Core/5 candidate	S0	proposed:Source6-Core5-map	planned:S0-rule-or-named-reject	yes	none	open	new	specified-only
S0:Outstanding	financial-agreement-source-v6.md	Source/6→Core/5 candidate	S0	proposed:Source6-Core5-map	planned:S0-rule-or-named-reject	yes	none	open	new	specified-only
S0:IdentityConversion	financial-agreement-source-v6.md	Source/6→Core/5 candidate	S0	proposed:Source6-Core5-map	planned:S0-rule-or-named-reject	yes	none	open	new	specified-only
S0:Work	financial-agreement-source-v6.md	Source/6→Core/5 candidate	S0	proposed:Source6-Core5-map	planned:S0-rule-or-named-reject	yes	none	open	new	specified-only
S0:DiagnosticWork	financial-agreement-source-v6.md	Source/6→Core/5 candidate	S0	proposed:Source6-Core5-map	planned:S0-rule-or-named-reject	yes	none	open	new	specified-only
S0:FailureEmptyRetain	financial-agreement-source-v6.md	Source/6→Core/5 candidate	S0	proposed:Source6-Core5-map	proposed:S0_FAILURE_UNSUPPORTED	yes	none	open	new	specified-only
LEGACY:Transfer	financial-lifecycle.ts	lifecycle/1	legacy	existing	map-or-version-reject	to-classify	historical	open	adapt-or-reject	inventory
LEGACY:Repay	financial-lifecycle.ts	lifecycle/1	legacy	existing	map-or-version-reject	to-classify	historical	open	adapt-or-reject	inventory
LEGACY:Originate	financial-lifecycle.ts	lifecycle/1	legacy	existing	map-or-version-reject	to-classify	historical	open	adapt-or-reject	inventory
LEGACY:Accrue	financial-lifecycle.ts	lifecycle/1	legacy	existing	map-or-version-reject	to-classify	historical	open	adapt-or-reject	inventory
LEGACY:RepaymentEffect	financial-lifecycle.ts	lifecycle/1	legacy	existing	map-or-version-reject	to-classify	historical	open	adapt-or-reject	inventory
LEGACY:OriginationEffect	financial-lifecycle.ts	lifecycle/1	legacy	existing	map-or-version-reject	to-classify	historical	open	adapt-or-reject	inventory
LEGACY:AccrualEffect	financial-lifecycle.ts	lifecycle/1	legacy	existing	map-or-version-reject	to-classify	historical	open	adapt-or-reject	inventory
LEGACY:AllocationRule	financial-lifecycle.ts	lifecycle/1	legacy	existing	map-or-version-reject	to-classify	historical	open	adapt-or-reject	inventory
LEGACY:ObligationStatus	financial-lifecycle.ts	lifecycle/1	legacy	existing	map-or-version-reject	to-classify	historical	open	adapt-or-reject	inventory
LEGACY:LifecycleState	financial-lifecycle.ts	lifecycle/1	legacy	existing	map-or-version-reject	to-classify	historical	open	adapt-or-reject	inventory
LEGACY:UsedTransferIds	financial-lifecycle.ts	lifecycle/1	legacy	existing	map-or-version-reject	to-classify	historical	open	adapt-or-reject	inventory
LEGACY:UsedAllocationIds	financial-lifecycle.ts	lifecycle/1	legacy	existing	map-or-version-reject	to-classify	historical	open	adapt-or-reject	inventory
LEGACY:UsedOriginationIds	financial-lifecycle.ts	lifecycle/1	legacy	existing	map-or-version-reject	to-classify	historical	open	adapt-or-reject	inventory
LEGACY:UsedAccrualIds	financial-lifecycle.ts	lifecycle/1	legacy	existing	map-or-version-reject	to-classify	historical	open	adapt-or-reject	inventory
LEGACY:SnapshotPre	financial-lifecycle.ts	lifecycle/1	legacy	existing	map-or-version-reject	to-classify	historical	open	adapt-or-reject	inventory
LEGACY:SnapshotArgs	financial-lifecycle.ts	lifecycle/1	legacy	existing	map-or-version-reject	to-classify	historical	open	adapt-or-reject	inventory
LEGACY:SnapshotObs	financial-lifecycle.ts	lifecycle/1	legacy	existing	map-or-version-reject	to-classify	historical	open	adapt-or-reject	inventory
LEGACY:SnapshotWork	financial-lifecycle.ts	lifecycle/1	legacy	existing	map-or-version-reject	to-classify	historical	open	adapt-or-reject	inventory
DEFER:loan-coll/1	DESIGN-MIL4-WORKING.md	later profile	loan-coll/1	versioned reject required	missing-reject	no	none	open	new	open
DEFER:amm-lp/1	DESIGN-MIL4-WORKING.md	later profile	amm-lp/1	versioned reject required	missing-reject	no	none	open	new	open
DEFER:loan-variable/1	DESIGN-MIL4-WORKING.md	later profile	loan-variable/1	versioned reject required	missing-reject	no	none	open	new	open
DEFER:cdp-unbacked/1	DESIGN-MIL4-WORKING.md	later profile	cdp-unbacked/1	versioned reject required	missing-reject	no	none	open	new	open
DEFER:cdp-rebase/1	DESIGN-MIL4-WORKING.md	later profile	cdp-rebase/1	versioned reject required	missing-reject	no	none	open	new	open
DEFER:option-uncapped/1	DESIGN-MIL4-WORKING.md	later profile	option-uncapped/1	versioned reject required	missing-reject	no	none	open	new	open
DEFER:oracle-twap/1	DESIGN-MIL4-WORKING.md	later profile	oracle-twap/1	versioned reject required	missing-reject	no	none	open	new	open
DEFER:governance-multisigner/1	DESIGN-MIL4-WORKING.md	later profile	governance-multisigner/1	versioned reject required	missing-reject	no	none	open	new	open
DEFER:bridge-fast-fill/1	DESIGN-MIL4-WORKING.md	later profile	bridge-fast-fill/1	versioned reject required	missing-reject	no	none	open	new	open
DEFER:vault-slash/1	DESIGN-MIL4-WORKING.md	later profile	vault-slash/1	versioned reject required	missing-reject	no	none	open	new	open
DEFER:Phi1-general	DESIGN-MIL4-WORKING.md	later profile	Phi1-general	versioned reject required	missing-reject	no	none	open	new	open
DEFER:Omega-uncertified	DESIGN-MIL4-WORKING.md	later profile	Omega-uncertified	versioned reject required	missing-reject	no	none	open	new	open
KFILE:expression-infer.k	experiments/moriarty-language/formal/k/expression-infer.k	historical K	legacy	existing	no-MIL4-admission	unknown	historical	open	adapt-and-review	inventory
KFILE:expression-json.k	experiments/moriarty-language/formal/k/expression-json.k	historical K	legacy	existing	no-MIL4-admission	unknown	historical	open	adapt-and-review	inventory
KFILE:expression-schema.k	experiments/moriarty-language/formal/k/expression-schema.k	historical K	legacy	existing	no-MIL4-admission	unknown	historical	open	adapt-and-review	inventory
KFILE:expression-shape.k	experiments/moriarty-language/formal/k/expression-shape.k	historical K	legacy	existing	no-MIL4-admission	unknown	historical	open	adapt-and-review	inventory
KFILE:expression-types.k	experiments/moriarty-language/formal/k/expression-types.k	historical K	legacy	existing	no-MIL4-admission	unknown	historical	open	adapt-and-review	inventory
KFILE:expression-v1.k	experiments/moriarty-language/formal/k/expression-v1.k	historical K	legacy	existing	no-MIL4-admission	unknown	historical	open	adapt-and-review	inventory
KFILE:expression-values.k	experiments/moriarty-language/formal/k/expression-values.k	historical K	legacy	existing	no-MIL4-admission	unknown	historical	open	adapt-and-review	inventory
KFILE:expression-wire.k	experiments/moriarty-language/formal/k/expression-wire.k	historical K	legacy	existing	no-MIL4-admission	unknown	historical	open	adapt-and-review	inventory
KFILE:lifecycle-binding.k	experiments/moriarty-language/formal/k/lifecycle-binding.k	historical K	legacy	existing	no-MIL4-admission	unknown	historical	open	adapt-and-review	inventory
KFILE:lifecycle-data.k	experiments/moriarty-language/formal/k/lifecycle-data.k	historical K	legacy	existing	no-MIL4-admission	unknown	historical	open	adapt-and-review	inventory
KFILE:lifecycle-infer.k	experiments/moriarty-language/formal/k/lifecycle-infer.k	historical K	legacy	existing	no-MIL4-admission	unknown	historical	open	adapt-and-review	inventory
KFILE:lifecycle-kernel.k	experiments/moriarty-language/formal/k/lifecycle-kernel.k	historical K	legacy	existing	no-MIL4-admission	unknown	historical	open	adapt-and-review	inventory
KFILE:lifecycle-schema.k	experiments/moriarty-language/formal/k/lifecycle-schema.k	historical K	legacy	existing	no-MIL4-admission	unknown	historical	open	adapt-and-review	inventory
KFILE:lifecycle-shape.k	experiments/moriarty-language/formal/k/lifecycle-shape.k	historical K	legacy	existing	no-MIL4-admission	unknown	historical	open	adapt-and-review	inventory
KFILE:lifecycle-types.k	experiments/moriarty-language/formal/k/lifecycle-types.k	historical K	legacy	existing	no-MIL4-admission	unknown	historical	open	adapt-and-review	inventory
KFILE:lifecycle-v1.k	experiments/moriarty-language/formal/k/lifecycle-v1.k	historical K	legacy	existing	no-MIL4-admission	unknown	historical	open	adapt-and-review	inventory
KFILE:lifecycle-values.k	experiments/moriarty-language/formal/k/lifecycle-values.k	historical K	legacy	existing	no-MIL4-admission	unknown	historical	open	adapt-and-review	inventory
KFILE:lifecycle-wire.k	experiments/moriarty-language/formal/k/lifecycle-wire.k	historical K	legacy	existing	no-MIL4-admission	unknown	historical	open	adapt-and-review	inventory
KFILE:moriarty.k	experiments/moriarty-language/formal/k/moriarty.k	historical K	legacy	existing	no-MIL4-admission	unknown	historical	open	archive	inventory
SURGE:sol-static.k	deliverables/mil4-k-surge-2026-09-29/sol-static.k	M4 proposal	legacy	proposal	no-S0-admission	unknown	compile-only	open	adapt-proposal	inventory
SURGE:sol-formula.k	deliverables/mil4-k-surge-2026-09-29/sol-formula.k	M4 proposal	legacy	proposal	no-S0-admission	unknown	compile-only	open	adapt-proposal	inventory
SURGE:sol-transition.k	deliverables/mil4-k-surge-2026-09-29/sol-transition.k	M4 proposal	legacy	proposal	no-S0-admission	unknown	compile-only	open	adapt-proposal	inventory
SURGE:sol-contract.k	deliverables/mil4-k-surge-2026-09-29/sol-contract.k	M4 proposal	legacy	proposal	no-S0-admission	unknown	compile-only	open	adapt-proposal	inventory
SURGE:sol-defi.k	deliverables/mil4-k-surge-2026-09-29/sol-defi.k	M4 proposal	legacy	proposal	no-S0-admission	unknown	compile-only	open	adapt-proposal	inventory
SURGE:sol-family-effects.k	deliverables/mil4-k-surge-2026-09-29/sol-family-effects.k	M4 proposal	legacy	proposal	no-S0-admission	unknown	compile-only	open	adapt-proposal	inventory
SURGE:mil4-proposal.k	deliverables/mil4-k-surge-2026-09-29/mil4-proposal.k	M4 proposal	legacy	proposal	no-S0-admission	unknown	compile-only	open	replace-root	inventory
SRC6:source	financial-agreement-source-v6-grammar.ebnf	Source/6 candidate	S0	proposed:SOURCE6_VERSION	planned:Core5Stage-or-SOURCE6_VERSION	yes	none	open	new	specified-only
SRC6:header	financial-agreement-source-v6-grammar.ebnf	Source/6 candidate	S0	proposed:SOURCE6_VERSION	planned:Core5Stage-or-SOURCE6_VERSION	yes	none	open	new	specified-only
SRC6:agreement	financial-agreement-source-v6-grammar.ebnf	Source/6 candidate	S0	proposed:SOURCE6_SHAPE	planned:Core5Stage-or-SOURCE6_SHAPE	yes	none	open	new	specified-only
SRC6:domain	financial-agreement-source-v6-grammar.ebnf	Source/6 candidate	S0	proposed:SOURCE6_SHAPE	planned:Core5Stage-or-SOURCE6_SHAPE	yes	none	open	new	specified-only
SRC6:settlement	financial-agreement-source-v6-grammar.ebnf	Source/6 candidate	S0	proposed:SOURCE6_RANGE	planned:Core5Stage-or-SOURCE6_RANGE	yes	none	open	new	specified-only
SRC6:selected	financial-agreement-source-v6-grammar.ebnf	Source/6 candidate	S0	proposed:SOURCE6_SHAPE	planned:Core5Stage-or-SOURCE6_SHAPE	yes	none	open	new	specified-only
SRC6:intent	financial-agreement-source-v6-grammar.ebnf	Source/6 candidate	S0	proposed:SOURCE6_SHAPE	planned:Core5Stage-or-SOURCE6_SHAPE	yes	none	open	new	specified-only
SRC6:authenticated	financial-agreement-source-v6-grammar.ebnf	Source/6 candidate	S0	proposed:SOURCE6_CELL_SHAPE	planned:Core5Stage-or-SOURCE6_CELL_SHAPE	yes	none	open	new	specified-only
SRC6:obligation	financial-agreement-source-v6-grammar.ebnf	Source/6 candidate	S0	proposed:SOURCE6_CELL_SHAPE	planned:Core5Stage-or-SOURCE6_CELL_SHAPE	yes	none	open	new	specified-only
SRC6:submitted	financial-agreement-source-v6-grammar.ebnf	Source/6 candidate	S0	proposed:SOURCE6_SHAPE	planned:Core5Stage-or-SOURCE6_SHAPE	yes	none	open	new	specified-only
SRC6:transfer	financial-agreement-source-v6-grammar.ebnf	Source/6 candidate	S0	proposed:S0_TRANSFER_FORMATION	planned:TransferLiteralFee	yes	none	open	new	specified-only
SRC6:repay	financial-agreement-source-v6-grammar.ebnf	Source/6 candidate	S0	proposed:S0_REPAY_FORMATION	planned:RepayAccrualFirst	yes	none	open	new	specified-only
SRC6:effectVector	financial-agreement-source-v6-grammar.ebnf	Source/6 candidate	S0	proposed:ordered-effects-formation	planned:complete-effect-comparison	yes	none	open	new	specified-only
SRC6:transferEffects	financial-agreement-source-v6-grammar.ebnf	Source/6 candidate	S0	proposed:ordered-effects-formation	planned:complete-effect-comparison	yes	none	open	new	specified-only
SRC6:repayEffects	financial-agreement-source-v6-grammar.ebnf	Source/6 candidate	S0	proposed:ordered-effects-formation	planned:complete-effect-comparison	yes	none	open	new	specified-only
SRC6:debit	financial-agreement-source-v6-grammar.ebnf	Source/6 candidate	S0	proposed:S0_EFFECT_MISMATCH	planned:Core5Stage-or-S0_EFFECT_MISMATCH	yes	none	open	new	specified-only
SRC6:credit	financial-agreement-source-v6-grammar.ebnf	Source/6 candidate	S0	proposed:S0_EFFECT_MISMATCH	planned:Core5Stage-or-S0_EFFECT_MISMATCH	yes	none	open	new	specified-only
SRC6:setObligation	financial-agreement-source-v6-grammar.ebnf	Source/6 candidate	S0	proposed:S0_EFFECT_MISMATCH	planned:Core5Stage-or-S0_EFFECT_MISMATCH	yes	none	open	new	specified-only
SRC6:useAllowance	financial-agreement-source-v6-grammar.ebnf	Source/6 candidate	S0	proposed:S0_EFFECT_MISMATCH	planned:Core5Stage-or-S0_EFFECT_MISMATCH	yes	none	open	new	specified-only
SRC6:useReplay	financial-agreement-source-v6-grammar.ebnf	Source/6 candidate	S0	proposed:S0_EFFECT_MISMATCH	planned:Core5Stage-or-S0_EFFECT_MISMATCH	yes	none	open	new	specified-only
SRC6:advanceHead	financial-agreement-source-v6-grammar.ebnf	Source/6 candidate	S0	proposed:S0_EFFECT_MISMATCH	planned:Core5Stage-or-S0_EFFECT_MISMATCH	yes	none	open	new	specified-only
SRC6:identifier	financial-agreement-source-v6-grammar.ebnf	Source/6 candidate	S0	proposed:SOURCE6_SHAPE	planned:Core5Stage-or-SOURCE6_SHAPE	yes	none	open	new	specified-only
SRC6:integerToken	financial-agreement-source-v6-grammar.ebnf	Source/6 candidate	S0	proposed:SOURCE6_RANGE	planned:Core5Stage-or-SOURCE6_RANGE	yes	none	open	new	specified-only
SRC6:stringToken	financial-agreement-source-v6-grammar.ebnf	Source/6 candidate	S0	proposed:SOURCE6_SHAPE	planned:Core5Stage-or-SOURCE6_SHAPE	yes	none	open	new	specified-only
CORE5:ProgramId	financial-agreement-source-v6.md	Core/5 candidate	S0	proposed:typed-constructor	planned:K-rule-or-S0_STAGE_UNSUPPORTED	yes	none	open	new	specified-only
CORE5:DomainId	financial-agreement-source-v6.md	Core/5 candidate	S0	proposed:typed-constructor	planned:K-rule-or-S0_STAGE_UNSUPPORTED	yes	none	open	new	specified-only
CORE5:AssetId	financial-agreement-source-v6.md	Core/5 candidate	S0	proposed:typed-constructor	planned:K-rule-or-S0_STAGE_UNSUPPORTED	yes	none	open	new	specified-only
CORE5:SelectedProgram	financial-agreement-source-v6.md	Core/5 candidate	S0	proposed:typed-constructor	planned:K-rule-or-S0_STAGE_UNSUPPORTED	yes	none	open	new	specified-only
CORE5:SignedScope	financial-agreement-source-v6.md	Core/5 candidate	S0	proposed:typed-constructor	planned:K-rule-or-S0_INTENT_SCOPE	yes	none	open	new	specified-only
CORE5:Bounds	financial-agreement-source-v6.md	Core/5 candidate	S0	proposed:typed-constructor	planned:K-rule-or-S0_INTENT_SCOPE	yes	none	open	new	specified-only
CORE5:FailurePolicy	financial-agreement-source-v6.md	Core/5 candidate	S0	proposed:typed-constructor	planned:K-rule-or-S0_FAILURE_UNSUPPORTED	yes	none	open	new	specified-only
CORE5:PreHead	financial-agreement-source-v6.md	Core/5 candidate	S0	proposed:typed-constructor	planned:K-rule-or-S0_HISTORY_STALE	yes	none	open	new	specified-only
CORE5:Predecessor	financial-agreement-source-v6.md	Core/5 candidate	S0	proposed:typed-constructor	planned:K-rule-or-S0_HISTORY_STALE	yes	none	open	new	specified-only
CORE5:CurrentRound	financial-agreement-source-v6.md	Core/5 candidate	S0	proposed:typed-constructor	planned:K-rule-or-S0_INTENT_SCOPE	yes	none	open	new	specified-only
CORE5:BalanceCell	financial-agreement-source-v6.md	Core/5 candidate	S0	proposed:typed-constructor	planned:K-rule-or-S0_STAGE_UNSUPPORTED	yes	none	open	new	specified-only
CORE5:AllowanceCell	financial-agreement-source-v6.md	Core/5 candidate	S0	proposed:typed-constructor	planned:K-rule-or-S0_STAGE_UNSUPPORTED	yes	none	open	new	specified-only
CORE5:ObligationCell	financial-agreement-source-v6.md	Core/5 candidate	S0	proposed:typed-constructor	planned:K-rule-or-S0_STAGE_UNSUPPORTED	yes	none	open	new	specified-only
CORE5:ReplayCell	financial-agreement-source-v6.md	Core/5 candidate	S0	proposed:typed-constructor	planned:K-rule-or-S0_HISTORY_REPLAY	yes	none	open	new	specified-only
CORE5:WorkCell	financial-agreement-source-v6.md	Core/5 candidate	S0	proposed:typed-constructor	planned:K-rule-or-S0_AUTH_SCOPE	yes	none	open	new	specified-only
CORE5:TransferLiteralFee	financial-agreement-source-v6.md	Core/5 candidate	S0	proposed:typed-constructor	planned:six-judgment-stage	yes	none	open	new	specified-only
CORE5:RepayAccrualFirst	financial-agreement-source-v6.md	Core/5 candidate	S0	proposed:typed-constructor	planned:six-judgment-stage	yes	none	open	new	specified-only
CORE5:PreparedEffects	financial-agreement-source-v6.md	Core/5 candidate	S0	proposed:typed-constructor	planned:K-rule-or-S0_EFFECT_MISMATCH	yes	none	open	new	specified-only
CORE5:PostHead	financial-agreement-source-v6.md	Core/5 candidate	S0	proposed:typed-constructor	planned:K-rule-or-S0_HISTORY_STALE	yes	none	open	new	specified-only
CORE5:Core5Stage	financial-agreement-source-v6.md	Core/5 candidate	S0	proposed:typed-constructor	planned:K-rule-or-S0_STAGE_UNSUPPORTED	yes	none	open	new	specified-only
CORE5:Core5Observation	financial-agreement-source-v6.md	Core/5 candidate	S0	proposed:typed-constructor	planned:K-rule-or-S0_FAILURE_UNSUPPORTED	yes	none	open	new	specified-only
CORE5:Version	financial-agreement-source-v6.md	Core/5 candidate	S0	proposed:typed-constructor	planned:K-rule-or-S0_STAGE_UNSUPPORTED	yes	none	open	new	specified-only
