contract_type,name,upstream_status,moriarty_disposition,study_status,fixture_count,representative,fixture_files,package_behaviors,capabilities,pitfalls,open_gap,source_locator,dictionary_pointer
ANN,Annuity,Released,planned,requirements-studied; not implemented or vector-tested,32,ann01,repos/actusfrf/actus-tests/tests/actus-tests-ad0.json;repos/actusfrf/actus-tests/tests/actus-tests-ann.json,Annuity recalculation; shared loan state; status/analysis-date initialization,Rate resets,Recompute installment at reset; filename-qualified fixture identity,Initial Prnxt TEX formula contains todo/todo; explicit interpretation required,repos/actusfrf/actus-techspecs/actus-techspecs.tex:1626,/taxonomy/annuity
BCS,Boundary Controlled Switch,Implemented,specified-without-reference-vector,taxonomy disposition only,0,,,Single-boundary activation/extinguishing of child legs,To specify from the named behavior,No invented executable coverage,Retained terms/example are not a complete payoff/state specification,repos/actusfrf/actus-dictionary/actus-dictionary.json#/taxonomy/boundaryControlledSwitch,/taxonomy/boundaryControlledSwitch
CLM,Call Money,Released,planned,requirements-studied; not implemented or vector-tested,15,clm01,repos/actusfrf/actus-tests/tests/actus-tests-clm.json,Callable loan; notice; accrual/capitalization; horizon,Observed call and maturity,Notice-date shifting; initialization; no assumed natural maturity,PR/PAM reference gap; comparative harness excludes cases,repos/actusfrf/actus-techspecs/actus-techspecs.tex:1763,/taxonomy/callMoney
CAPFL,Cap Floors,Implemented,planned,requirements-studied; not implemented or vector-tested,4,capfl01,repos/actusfrf/actus-tests/tests/actus-tests-capfl.json,Child evaluation with/without cap/floor; payoff/accrual difference,Child state/events; shared observations,Only allowed overrides differ; zero events retained,Absent from surveyed comparative Haskell,repos/actusfrf/actus-techspecs/actus-techspecs.tex:2323,/taxonomy/capFloor
CSH,Cash,Released,planned,requirements-studied; not implemented or vector-tested,4,csh01,repos/actusfrf/actus-tests/tests/actus-tests-csh.json,Signed cash position; analysis event; status progression,Analysis date,Zero payoff still has observable event/state,No package implementation or all-vector execution,repos/actusfrf/actus-techspecs/actus-techspecs.tex:1929,/taxonomy/cash
CEC,Collateral,Implemented,planned,requirements-studied; not implemented or vector-tested,15,collateral01,repos/actusfrf/actus-tests/tests/actus-tests-cec.json,Covered exposure; collateral value cap; credit-triggered settlement,Covered/covering contracts; valuation; default events,Currency/time of valuation; cap; absent credit event,No package implementation or all-vector execution,repos/actusfrf/actus-techspecs/actus-techspecs.tex:2696,/taxonomy/collateral
COM,Commodity,Released,planned,requirements-studied; not implemented or vector-tested,4,com01,repos/actusfrf/actus-tests/tests/actus-tests-com.json,Quantity times unit price; signed purchase/termination; underlying asset,Unit price when external,Preserve quantity and opposite purchase/termination signs,TEX TD points to PRD and STK reuse omits quantity; documented correction supported by fixture/Haskell,repos/actusfrf/actus-techspecs/actus-techspecs.tex:2012,/taxonomy/commodity
BNDCP,Convertible Note,absent,taxonomy-only,taxonomy disposition only,0,,,Bond ceases when call/put exercised,To specify from the named behavior,No invented executable coverage,Convertible Note label conflicts with callable/puttable description,repos/actusfrf/actus-dictionary/actus-dictionary.json#/taxonomy/convertibleNote,/taxonomy/convertibleNote
CDSWP,Credit Default Swap,Implemented,taxonomy-only,taxonomy disposition only,0,,,Counterparty-default-triggered cash flows,To specify from the named behavior,No invented executable coverage,Upstream Implemented label has no executable vector in retained corpus,repos/actusfrf/actus-dictionary/actus-dictionary.json#/taxonomy/creditDefaultSwap,/taxonomy/creditDefaultSwap
CLNTE,Credit Linked Note,absent,taxonomy-only,taxonomy disposition only,0,,,Security with embedded credit default swap,To specify from the named behavior,No invented executable coverage,No retained executable vector,repos/actusfrf/actus-dictionary/actus-dictionary.json#/taxonomy/creditLinkedNote,/taxonomy/creditLinkedNote
EXOTi,EXOTi,absent,taxonomy-only,taxonomy disposition only,0,,,Exotic option family,To specify from the named behavior,No invented executable coverage,Not one sufficiently defined algorithm,repos/actusfrf/actus-dictionary/actus-dictionary.json#/taxonomy/eXOTi,/taxonomy/eXOTi
ANX,Exotic Annuity,absent,taxonomy-only,taxonomy disposition only,0,,,Irregular or staged annuity,To specify from the named behavior,No invented executable coverage,No retained executable vector,repos/actusfrf/actus-dictionary/actus-dictionary.json#/taxonomy/exoticAnnuity,/taxonomy/exoticAnnuity
LAX,Exotic Linear Amortizer,Released,planned,requirements-studied; not implemented or vector-tested,18,lax01,repos/actusfrf/actus-tests/tests/actus-tests-lax.json,Array schedules; principal increases/decreases; principal fixing; rate arrays,Rate and behavioral observations,Array lengths; increasing principal; final residual,Absent from surveyed comparative Haskell,repos/actusfrf/actus-techspecs/actus-techspecs.tex:1278,/taxonomy/exoticLinearAmortizer
NAX,Exotic Negative Amortizer,Planned,planned,taxonomy disposition only,0,,,Irregular negative amortization,To specify from the named behavior,No invented executable coverage,No retained executable vector,repos/actusfrf/actus-dictionary/actus-dictionary.json#/taxonomy/exoticNegativeAmortizer,/taxonomy/exoticNegativeAmortizer
FXOUT,Foreign Ex-change Outright,Released,planned,requirements-studied; not implemented or vector-tested,12,fxout01,repos/actusfrf/actus-tests/tests/actus-tests-fxout.json,Two-currency exchange; gross legs or net settlement,FX observation,Currency orientation; net/gross; leg multiplicity,MD vector event versus TEX STD variants unresolved; absent comparative Haskell,repos/actusfrf/actus-techspecs/actus-techspecs.tex:2044,/taxonomy/foreignExchangeOutright
FUTUR,Future,Implemented,planned,requirements-studied; not implemented or vector-tested,14,future01,repos/actusfrf/actus-tests/tests/actus-tests-futur.json,Signed underlying-minus-futures-price settlement,Underlying observation,Negative payoff differs from option positive part,Taxonomy margining breadth not established by current TEX/vector lifecycle,repos/actusfrf/actus-techspecs/actus-techspecs.tex:2476,/taxonomy/future
CEG,Guarantee,Implemented,planned,requirements-studied; not implemented or vector-tested,14,guarantee02,repos/actusfrf/actus-tests/tests/actus-tests-ceg.json,Covered exposure; credit event; coverage; exercise/settlement; fees,Referenced contracts; default events; prices,Exposure time; coverage basis; settlement lag,Comparative harness excludes guarantee14; independent check required,repos/actusfrf/actus-techspecs/actus-techspecs.tex:2541,/taxonomy/guarantee
LAM,Linear Amortizer,Released,planned,requirements-studied; not implemented or vector-tested,31,lam01,repos/actusfrf/actus-tests/tests/actus-tests-lam.json,PAM plus periodic principal redemption; interest base; derived maturity; residual repayment,Rate; FX; scaling,Ceiling in maturity; old-principal accrual; final residual,No package implementation or all-vector execution,repos/actusfrf/actus-techspecs/actus-techspecs.tex:1033,/taxonomy/linearAmortizer
MAR,Margining,Implemented,taxonomy-only,taxonomy disposition only,0,,,Initial and variation margin state,To specify from the named behavior,No invented executable coverage,Do not infer from FUTUR fixture coverage,repos/actusfrf/actus-dictionary/actus-dictionary.json#/taxonomy/margining,/taxonomy/margining
NAM,Negative Amortizer,Released,planned,requirements-studied; not implemented or vector-tested,22,nam01,repos/actusfrf/actus-tests/tests/actus-tests-nam.json,Fixed total installment; negative amortization; changing maturity,Rate resets,Do not clamp negative redemption; payment-minus-interest denominator,Define invalid and degenerate maturity behavior,repos/actusfrf/actus-techspecs/actus-techspecs.tex:1481,/taxonomy/negativeAmortizer
OPTNS,Option,Implemented,planned,requirements-studied; not implemented or vector-tested,23,option02,repos/actusfrf/actus-tests/tests/actus-tests-optns.json,Call/put payoff; exercise amount/date; delayed settlement,Market/child underlying; exercise event,Exercise eligibility; zero exercise; settlement lag,No package implementation or all-vector execution,repos/actusfrf/actus-techspecs/actus-techspecs.tex:2395,/taxonomy/option
PBN,Perpetual Bonds,absent,taxonomy-only,taxonomy disposition only,0,,,Perpetual interest,To specify from the named behavior,No invented executable coverage,Requires explicit finite horizon,repos/actusfrf/actus-dictionary/actus-dictionary.json#/taxonomy/perpetualBonds,/taxonomy/perpetualBonds
SWPPV,Plain Vanilla Swap,Released,planned,requirements-studied; not implemented or vector-tested,14,swppv01,repos/actusfrf/actus-tests/tests/actus-tests-swppv.json,Fixed/floating accruals; resets; net or separate payments,Rate; FX,IPFX/IPFL identity and opposite signs,No package implementation or all-vector execution,repos/actusfrf/actus-techspecs/actus-techspecs.tex:2107,/taxonomy/plainVanillaSwap
PAM,Principal at Maturity,Released,planned,requirements-studied; not implemented or vector-tested,25,pam01,repos/actusfrf/actus-tests/tests/actus-tests-pam.json,Principal; accrual; rate resets; capitalization; fees; prepayment; maturity,Rate; FX; scaling; behavioral observations,Reset caps/floors; role signs; separate calculation/payment dates,Numeric/calendar profiles require independent all-field comparison,repos/actusfrf/actus-techspecs/actus-techspecs.tex:773,/taxonomy/principalAtMaturity
REP,Repurchase Agreement,Planned,planned,taxonomy disposition only,0,,,Asset sale and repurchase,To specify from the named behavior,No invented executable coverage,No retained executable vector,repos/actusfrf/actus-dictionary/actus-dictionary.json#/taxonomy/repurchaseAgreement,/taxonomy/repurchaseAgreement
SCRCR,Securitization Credit Risk,absent,taxonomy-only,taxonomy disposition only,0,,,Credit-loss waterfall; tranche exhaustion,To specify from the named behavior,No invented executable coverage,No retained executable vector,repos/actusfrf/actus-dictionary/actus-dictionary.json#/taxonomy/securitizationCreditRisk,/taxonomy/securitizationCreditRisk
SCRMR,Securitization Market Risk,absent,taxonomy-only,taxonomy disposition only,0,,,Cash-flow tranches; interest/principal-only claims,To specify from the named behavior,No invented executable coverage,No retained executable vector,repos/actusfrf/actus-dictionary/actus-dictionary.json#/taxonomy/securitizationMarketRisk,/taxonomy/securitizationMarketRisk
STK,Stock,Released,planned,requirements-studied; not implemented or vector-tested,10,stk01,repos/actusfrf/actus-tests/tests/actus-tests-stk.json,Purchase; termination; observed/contractual dividends,Dividend observations,Finite horizon; dividend identifiers/default lookup,Resolve observation lookup with fixture terms,repos/actusfrf/actus-techspecs/actus-techspecs.tex:1955,/taxonomy/stock
SWAPS,Swap,Implemented,planned,requirements-studied; not implemented or vector-tested,11,swaps01,repos/actusfrf/actus-tests/tests/actus-tests-swaps.json,Child-contract composition; role override; matching-event netting,Child state/events; shared observations,Stable merge; currencies; repeated event types; child IDs,Need bound depth/child count and independent composition semantics,repos/actusfrf/actus-techspecs/actus-techspecs.tex:2233,/taxonomy/swap
TRSWP,Total Return Swap,absent,taxonomy-only,taxonomy disposition only,0,,,Financing versus income and capital gains,To specify from the named behavior,No invented executable coverage,No retained executable vector,repos/actusfrf/actus-dictionary/actus-dictionary.json#/taxonomy/totalReturnSwap,/taxonomy/totalReturnSwap
UMP,Undefined Maturity Profile,Released,planned,requirements-studied; not implemented or vector-tested,9,ump01,repos/actusfrf/actus-tests/tests/actus-tests-ump.json,Observed unscheduled principal flows; capitalization; horizon,Behavioral principal events,Bound horizon and observations; do not synthesize missing behavior,Absent from surveyed comparative Haskell,repos/actusfrf/actus-techspecs/actus-techspecs.tex:1847,/taxonomy/undefinedMaturityProfile
BNDWR,Warrant,absent,taxonomy-only,taxonomy disposition only,0,,,Warrant exercise with surviving bond,To specify from the named behavior,No invented executable coverage,No retained executable vector,repos/actusfrf/actus-dictionary/actus-dictionary.json#/taxonomy/warrant,/taxonomy/warrant
