corpus_ordinal,legacy_id,legacy_category,protocol,elements,construction_status,recommended_family,secondary_families,subtype,facets,moriarty_kernel,family_pattern_id,legacy_pattern_id,mapping_basis,source_commit,source_file
1,D01,Spot DEX / AMM,Uniswap,Cp|Sh|Tp|Fl|Cl|Fd|Tg,included,F1,,exchange_or_amm,price_discovery:pool,yes,exchange.constant_product_swap,exchange.bounded_batch_swap,user-supplied repository-verified updated run; roster and internal counts independently reproduced at the pinned source commit,8ae0bbfaa3193078d1cabf6999db1382985b7f95,corpus50/lanes/lane1-dex-lending-cdp-lsd.json
2,D01,Spot DEX / AMM,PancakeSwap,Cp|Sh|Cl|Fl|Em|Fd|Tg|Up,included,F1,,exchange_or_amm,price_discovery:pool,yes,exchange.constant_product_swap,exchange.bounded_batch_swap,user-supplied repository-verified updated run; roster and internal counts independently reproduced at the pinned source commit,8ae0bbfaa3193078d1cabf6999db1382985b7f95,corpus50/lanes/lane1-dex-lending-cdp-lsd.json
3,D01,Spot DEX / AMM,Curve,St|Sh|Tp|Em|Ve|Fd|Tg|Ag,included,F1,,exchange_or_amm,price_discovery:pool,yes,exchange.constant_product_swap,exchange.bounded_batch_swap,user-supplied repository-verified updated run; roster and internal counts independently reproduced at the pinned source commit,8ae0bbfaa3193078d1cabf6999db1382985b7f95,corpus50/lanes/lane1-dex-lending-cdp-lsd.json
4,D01,Spot DEX / AMM,Raydium,Cp|Sh|Cl|Em|Fd|Up,included,F1,,exchange_or_amm,price_discovery:pool,yes,exchange.constant_product_swap,exchange.bounded_batch_swap,user-supplied repository-verified updated run; roster and internal counts independently reproduced at the pinned source commit,8ae0bbfaa3193078d1cabf6999db1382985b7f95,corpus50/lanes/lane1-dex-lending-cdp-lsd.json
5,D01,Spot DEX / AMM,Fluid,Cl|Sh|Pl|Ct|Li|Ex|Tg|Up|Gp,included,F1,F2,amm_lending_hybrid,collateral:over_collateralized,yes,exchange.constant_product_swap,exchange.bounded_batch_swap,user-supplied repository-verified updated run; roster and internal counts independently reproduced at the pinned source commit,8ae0bbfaa3193078d1cabf6999db1382985b7f95,corpus50/lanes/lane1-dex-lending-cdp-lsd.json
6,D02,Lending,Aave V3,Pl|Ix|Rb|Ct|Ex|Li|Fl|Im|Em|Bs|Sl|Cd|Xm|Fd|Up|Tg|Gp,included,F2,,collateralized_credit,collateral:over_collateralized,yes,credit.overcollateralized_loan,credit.collateralized_term_loan,user-supplied repository-verified updated run; roster and internal counts independently reproduced at the pinned source commit,8ae0bbfaa3193078d1cabf6999db1382985b7f95,corpus50/lanes/lane1-dex-lending-cdp-lsd.json
7,D02,Lending,Morpho,Im|Pl|Sh|Ix|Ct|Ex|Li|Fl|Sl|Aw|Sv|Em|Tg|Gp,included,F2,,isolated_credit_vault,collateral:over_collateralized|mandate:bounded,yes,credit.overcollateralized_loan,credit.collateralized_term_loan,user-supplied repository-verified updated run; roster and internal counts independently reproduced at the pinned source commit,8ae0bbfaa3193078d1cabf6999db1382985b7f95,corpus50/lanes/lane1-dex-lending-cdp-lsd.json
8,D02,Lending,SparkLend,Pl|Ix|Rb|Ct|Ex|Li|Fl|Im|Em|Up|Tg|Gp,included,F2,,collateralized_credit,collateral:over_collateralized,yes,credit.overcollateralized_loan,credit.collateralized_term_loan,user-supplied repository-verified updated run; roster and internal counts independently reproduced at the pinned source commit,8ae0bbfaa3193078d1cabf6999db1382985b7f95,corpus50/lanes/lane1-dex-lending-cdp-lsd.json
9,D02,Lending,JustLend V1,Pl|Sh|Ix|Ct|Ex|Li|Em|Up|Gp,included,F2,,collateralized_credit,collateral:over_collateralized,yes,credit.overcollateralized_loan,credit.collateralized_term_loan,user-supplied repository-verified updated run; roster and internal counts independently reproduced at the pinned source commit,8ae0bbfaa3193078d1cabf6999db1382985b7f95,corpus50/lanes/lane1-dex-lending-cdp-lsd.json
10,D02,Lending,Maple,Pl|Sh|Ix|Aw|Uc|Ft|Ct|Sv|Wq|At|Ex|Li|Em|Up|Tg|Gp,included,F2,F5,private_credit,legal:rwa|mandate:delegate,no,credit.overcollateralized_loan,credit.collateralized_term_loan,user-supplied repository-verified updated run; roster and internal counts independently reproduced at the pinned source commit,8ae0bbfaa3193078d1cabf6999db1382985b7f95,corpus50/lanes/lane1-dex-lending-cdp-lsd.json
11,D02,Lending,Compound V3,Im|Pl|Ix|Rb|Ct|Ex|Li|Sl|Em|Up|Tg|Gp,not_in_60_suite,F2,,collateralized_credit,collateral:over_collateralized,yes,credit.overcollateralized_loan,credit.collateralized_term_loan,user-supplied repository-verified updated run; roster and internal counts independently reproduced at the pinned source commit,8ae0bbfaa3193078d1cabf6999db1382985b7f95,corpus50/lanes/lane1-dex-lending-cdp-lsd.json
12,D03,CDP / collateral-backed stablecoins,"Sky (Sky Lending, ex-MakerDAO)",Cd|Ct|Ex|Li|Ix|Ps|Sl|At|Fd|Em|Xf|Up|Tg|Gp,included,F2,,collateralized_debt_issuer,collateral:issued_claim,yes,credit.overcollateralized_loan,money.collateralized_debt_position,user-supplied repository-verified updated run; roster and internal counts independently reproduced at the pinned source commit,8ae0bbfaa3193078d1cabf6999db1382985b7f95,corpus50/lanes/lane1-dex-lending-cdp-lsd.json
13,D03,CDP / collateral-backed stablecoins,Ethena (USDe / sUSDe),Sh|Ix|Rd|Aw|At|Ex|Wq|Tr|Bs|Dp|Fz|Xf|Em|Up|Tg|Gp,included,F2,F3,derivative_hedged_issuer,custody:offchain|oracle:price,no,credit.overcollateralized_loan,money.collateralized_debt_position,user-supplied repository-verified updated run; roster and internal counts independently reproduced at the pinned source commit,8ae0bbfaa3193078d1cabf6999db1382985b7f95,corpus50/lanes/lane1-dex-lending-cdp-lsd.json
14,D03,CDP / collateral-backed stablecoins,USDD,Cd|Ct|Ex|Li|Ix|Ps|Sl|At|Em|Xf|Up|Tg|Gp,included,F2,,collateralized_debt_issuer,collateral:issued_claim,yes,credit.overcollateralized_loan,money.collateralized_debt_position,user-supplied repository-verified updated run; roster and internal counts independently reproduced at the pinned source commit,8ae0bbfaa3193078d1cabf6999db1382985b7f95,corpus50/lanes/lane1-dex-lending-cdp-lsd.json
15,D03,CDP / collateral-backed stablecoins,Lista CDP,Cd|Ct|Ex|Li|Ix|Ps|Sl|Em|Up|Tg|Gp,included,F2,,collateralized_debt_issuer,collateral:issued_claim,yes,credit.overcollateralized_loan,money.collateralized_debt_position,user-supplied repository-verified updated run; roster and internal counts independently reproduced at the pinned source commit,8ae0bbfaa3193078d1cabf6999db1382985b7f95,corpus50/lanes/lane1-dex-lending-cdp-lsd.json
16,D03,CDP / collateral-backed stablecoins,Liquity (V1 + V2),Cd|Ct|Rd|Bs|Sl|Li|Ex|Em|Fd,included,F2,,collateralized_debt_issuer,collateral:issued_claim,yes,credit.overcollateralized_loan,money.collateralized_debt_position,user-supplied repository-verified updated run; roster and internal counts independently reproduced at the pinned source commit,8ae0bbfaa3193078d1cabf6999db1382985b7f95,corpus50/lanes/lane1-dex-lending-cdp-lsd.json
17,D03,CDP / collateral-backed stablecoins,crvUSD,Cd|Ct|Tp|Cl|Li|As|Ve|Fd|Up|Tg|Gp,not_in_60_suite,F2,,collateralized_debt_issuer,collateral:issued_claim,yes,credit.overcollateralized_loan,money.collateralized_debt_position,user-supplied repository-verified updated run; roster and internal counts independently reproduced at the pinned source commit,8ae0bbfaa3193078d1cabf6999db1382985b7f95,corpus50/lanes/lane1-dex-lending-cdp-lsd.json
18,D04,Liquid staking & restaking,Lido,Vl|Sh|Rb|Ex|Ep|Wq|Sl|Bs|Fd|Em|Up|Tg|Gp,included,F4,,consensus_position_claim,validator_lifecycle:external,yes,consensus.liquid_staking_claim,stake.delegation_receipt,user-supplied repository-verified updated run; roster and internal counts independently reproduced at the pinned source commit,8ae0bbfaa3193078d1cabf6999db1382985b7f95,corpus50/lanes/lane1-dex-lending-cdp-lsd.json
19,D04,Liquid staking & restaking,Binance staked ETH (WBETH),Sh|Ix|Rd|Aw|Up,included,F4,,custodial_consensus_claim,custody:offchain|validator_lifecycle:external,no,consensus.liquid_staking_claim,stake.delegation_receipt,user-supplied repository-verified updated run; roster and internal counts independently reproduced at the pinned source commit,8ae0bbfaa3193078d1cabf6999db1382985b7f95,corpus50/lanes/lane1-dex-lending-cdp-lsd.json
20,D04,Liquid staking & restaking,EigenCloud (EigenLayer),Rs|Sh|Bs|Sl|Ep|Wq|Aw|Vl|Em|Up|Tg|Gp,included,F4,,consensus_position_claim,validator_lifecycle:external,yes,consensus.liquid_staking_claim,stake.delegation_receipt,user-supplied repository-verified updated run; roster and internal counts independently reproduced at the pinned source commit,8ae0bbfaa3193078d1cabf6999db1382985b7f95,corpus50/lanes/lane1-dex-lending-cdp-lsd.json
21,D04,Liquid staking & restaking,ether.fi (eETH / weETH),Vl|Rs|Rb|Sh|Wq|Ex|Ep|Bs|Sl|Tr|Em|Up|Tg|Gp,included,F4,,consensus_position_claim,validator_lifecycle:external,yes,consensus.liquid_staking_claim,stake.delegation_receipt,user-supplied repository-verified updated run; roster and internal counts independently reproduced at the pinned source commit,8ae0bbfaa3193078d1cabf6999db1382985b7f95,corpus50/lanes/lane1-dex-lending-cdp-lsd.json
22,D04,Liquid staking & restaking,Babylon Protocol,Rs|Bs|Sl|Vl|Ep|Wq|Xm|Aw|Em,included,F4,,consensus_position_claim,validator_lifecycle:external,yes,consensus.liquid_staking_claim,stake.delegation_receipt,user-supplied repository-verified updated run; roster and internal counts independently reproduced at the pinned source commit,8ae0bbfaa3193078d1cabf6999db1382985b7f95,corpus50/lanes/lane1-dex-lending-cdp-lsd.json
23,D05,Perpetuals / derivatives,Hyperliquid,Ob|Ct|Ex|Pf|Li|Ad|Sl|Sh|Bs|Vl|Xf|Xm|Wq|Gp,included,F3,,perpetual_derivative,oracle:price,yes,derivative.escrowed_option,derivative.finite_horizon_perpetual,user-supplied repository-verified updated run; roster and internal counts independently reproduced at the pinned source commit,8ae0bbfaa3193078d1cabf6999db1382985b7f95,corpus50/lanes/lane2-perps-yield-bridges-intents.json
24,D05,Perpetuals / derivatives,ApeX Protocol (ApeX Omni),Ob|Ct|Ex|Pf|Li|Sh|Bs|Xf|Xm|Em|Up|Tg,included,F3,,perpetual_derivative,oracle:price,yes,derivative.escrowed_option,derivative.finite_horizon_perpetual,user-supplied repository-verified updated run; roster and internal counts independently reproduced at the pinned source commit,8ae0bbfaa3193078d1cabf6999db1382985b7f95,corpus50/lanes/lane2-perps-yield-bridges-intents.json
25,D05,Perpetuals / derivatives,Aster,Ob|Pm|Sh|Ct|Ex|Pf|Li|Xf|Em|Up|Gp,included,F3,,perpetual_derivative,oracle:price,yes,derivative.escrowed_option,derivative.finite_horizon_perpetual,user-supplied repository-verified updated run; roster and internal counts independently reproduced at the pinned source commit,8ae0bbfaa3193078d1cabf6999db1382985b7f95,corpus50/lanes/lane2-perps-yield-bridges-intents.json
26,D05,Perpetuals / derivatives,Lighter,Ob|Ct|Ex|Pf|Li|Ad|Sh|Xf|Xm|Wq|Em|Up|Gp,included,F3,,perpetual_derivative,oracle:price,yes,derivative.escrowed_option,derivative.finite_horizon_perpetual,user-supplied repository-verified updated run; roster and internal counts independently reproduced at the pinned source commit,8ae0bbfaa3193078d1cabf6999db1382985b7f95,corpus50/lanes/lane2-perps-yield-bridges-intents.json
27,D05,Perpetuals / derivatives,edgeX,Ob|Ct|Ex|Pf|Li|Sh|Bs|Xf|Xm|Em|Up|Gp,included,F3,,perpetual_derivative,oracle:price,yes,derivative.escrowed_option,derivative.finite_horizon_perpetual,user-supplied repository-verified updated run; roster and internal counts independently reproduced at the pinned source commit,8ae0bbfaa3193078d1cabf6999db1382985b7f95,corpus50/lanes/lane2-perps-yield-bridges-intents.json
28,D05,Perpetuals / derivatives,Jupiter Perpetual Exchange,Pm|Sh|Ex|Ct|Sr|Li|Up|Gp,not_in_60_suite,F3,,perpetual_derivative,oracle:price,yes,derivative.escrowed_option,derivative.finite_horizon_perpetual,user-supplied repository-verified updated run; roster and internal counts independently reproduced at the pinned source commit,8ae0bbfaa3193078d1cabf6999db1382985b7f95,corpus50/lanes/lane2-perps-yield-bridges-intents.json
29,D05,Perpetuals / derivatives,GMX V2 Perps,Pm|Sh|Im|Ex|Ct|Pf|Sr|Li|Ad|Em|Tg|Up|Gp,not_in_60_suite,F3,,perpetual_derivative,oracle:price,yes,derivative.escrowed_option,derivative.finite_horizon_perpetual,user-supplied repository-verified updated run; roster and internal counts independently reproduced at the pinned source commit,8ae0bbfaa3193078d1cabf6999db1382985b7f95,corpus50/lanes/lane2-perps-yield-bridges-intents.json
30,D06,Yield / vaults / aggregators,Pendle,Ix|Py|Ft|Rd|Ep|Em|Up|Gp,included,F6,,yield_tokenization,price_discovery:yield,yes,management.bounded_allocation_mandate,asset_management.capped_share_vault,user-supplied repository-verified updated run; roster and internal counts independently reproduced at the pinned source commit,8ae0bbfaa3193078d1cabf6999db1382985b7f95,corpus50/lanes/lane2-perps-yield-bridges-intents.json
31,D06,Yield / vaults / aggregators,Spark Savings (sUSDS / Sky Savings Rate),Sh|Ix|Sr|Rd|Ps|Xf|Tg|Gp|Up,included,F6,,savings_rate_vault,mandate:rules,yes,management.bounded_allocation_mandate,asset_management.capped_share_vault,user-supplied repository-verified updated run; roster and internal counts independently reproduced at the pinned source commit,8ae0bbfaa3193078d1cabf6999db1382985b7f95,corpus50/lanes/lane2-perps-yield-bridges-intents.json
32,D06,Yield / vaults / aggregators,Convex Finance,Sh|Ix|Em|Ep|Tg|Up|Gp,included,F6,,boost_aggregator,mandate:rules,yes,management.bounded_allocation_mandate,asset_management.capped_share_vault,user-supplied repository-verified updated run; roster and internal counts independently reproduced at the pinned source commit,8ae0bbfaa3193078d1cabf6999db1382985b7f95,corpus50/lanes/lane2-perps-yield-bridges-intents.json
33,D06,Yield / vaults / aggregators,CIAN Yield Layer,Sh|Ix|Fl|Ct|Ex|Wq|Em|Up|Gp,included,F6,,managed_vault,mandate:bounded|strategy:external,no,management.bounded_allocation_mandate,asset_management.capped_share_vault,user-supplied repository-verified updated run; roster and internal counts independently reproduced at the pinned source commit,8ae0bbfaa3193078d1cabf6999db1382985b7f95,corpus50/lanes/lane2-perps-yield-bridges-intents.json
34,D06,Yield / vaults / aggregators,Huma Finance V2,Uc|Tr|Sh|Ix|Ft|Bs|Ep|Wq|Aw|At,included,F6,F5,receivables_credit,legal:rwa|mandate:bounded,no,management.bounded_allocation_mandate,asset_management.capped_share_vault,user-supplied repository-verified updated run; roster and internal counts independently reproduced at the pinned source commit,8ae0bbfaa3193078d1cabf6999db1382985b7f95,corpus50/lanes/lane2-perps-yield-bridges-intents.json
35,D06,Yield / vaults / aggregators,Yearn Finance,Sh|Ix|Sr|Wq|Em|Tg|Up|Gp,not_in_60_suite,F6,,strategy_vault,strategy:bounded_library,yes,management.bounded_allocation_mandate,asset_management.capped_share_vault,user-supplied repository-verified updated run; roster and internal counts independently reproduced at the pinned source commit,8ae0bbfaa3193078d1cabf6999db1382985b7f95,corpus50/lanes/lane2-perps-yield-bridges-intents.json
36,D06,Yield / vaults / aggregators,Beefy,Sh|Ix|Em|Up|Gp,not_in_60_suite,F6,,strategy_vault,strategy:bounded_library,yes,management.bounded_allocation_mandate,asset_management.capped_share_vault,user-supplied repository-verified updated run; roster and internal counts independently reproduced at the pinned source commit,8ae0bbfaa3193078d1cabf6999db1382985b7f95,corpus50/lanes/lane2-perps-yield-bridges-intents.json
37,D06,Yield / vaults / aggregators,Steakhouse Financial,Sh|Ix|Im|Ct|Ex|Tg|Gp|Up,not_in_60_suite,F6,,risk_curated_vault,mandate:bounded|strategy:external,no,management.bounded_allocation_mandate,asset_management.capped_share_vault,user-supplied repository-verified updated run; roster and internal counts independently reproduced at the pinned source commit,8ae0bbfaa3193078d1cabf6999db1382985b7f95,corpus50/lanes/lane2-perps-yield-bridges-intents.json
38,D07,Bridges / cross-domain,WBTC,Xf|At|Aw|Rd|Gp|Tg,included,F5,,custodial_wrapped_claim,settlement:custodial_wrapped|custody:offchain,no,claim.reserve_backed_unit,settlement.threshold_attested_bridge,user-supplied repository-verified updated run; roster and internal counts independently reproduced at the pinned source commit,8ae0bbfaa3193078d1cabf6999db1382985b7f95,corpus50/lanes/lane2-perps-yield-bridges-intents.json
39,D07,Bridges / cross-domain,LayerZero V2,Xm|Xf|Up|Gp|Tg,included,infrastructure,,message_verified_bridge,settlement:message_verified,no,outside_core.explicit_capability,settlement.threshold_attested_bridge,user-supplied repository-verified updated run; roster and internal counts independently reproduced at the pinned source commit,8ae0bbfaa3193078d1cabf6999db1382985b7f95,corpus50/lanes/lane2-perps-yield-bridges-intents.json
40,D07,Bridges / cross-domain,Coinbase Bridge (cbBTC and other wrapped assets),Xf|At|Aw|Rd|Gp|Up,included,F5,,custodial_wrapped_claim,settlement:custodial_wrapped|custody:offchain,no,claim.reserve_backed_unit,settlement.threshold_attested_bridge,user-supplied repository-verified updated run; roster and internal counts independently reproduced at the pinned source commit,8ae0bbfaa3193078d1cabf6999db1382985b7f95,corpus50/lanes/lane2-perps-yield-bridges-intents.json
41,D07,Bridges / cross-domain,Hyperliquid Bridge,Xf|Xm|Vl|Wq|Gp|Bs,included,infrastructure,,message_verified_bridge,settlement:message_verified,no,outside_core.explicit_capability,settlement.threshold_attested_bridge,user-supplied repository-verified updated run; roster and internal counts independently reproduced at the pinned source commit,8ae0bbfaa3193078d1cabf6999db1382985b7f95,corpus50/lanes/lane2-perps-yield-bridges-intents.json
42,D07,Bridges / cross-domain,Binance Bitcoin (BTCB),Xf|At|Aw|Rd|Gp,included,F5,,custodial_wrapped_claim,settlement:custodial_wrapped|custody:offchain,no,claim.reserve_backed_unit,settlement.threshold_attested_bridge,user-supplied repository-verified updated run; roster and internal counts independently reproduced at the pinned source commit,8ae0bbfaa3193078d1cabf6999db1382985b7f95,corpus50/lanes/lane2-perps-yield-bridges-intents.json
43,D07,Bridges / cross-domain,Circle CCTP,Xf|Xm|Aw,not_in_60_suite,infrastructure,,message_verified_bridge,settlement:message_verified,no,outside_core.explicit_capability,settlement.threshold_attested_bridge,user-supplied repository-verified updated run; roster and internal counts independently reproduced at the pinned source commit,8ae0bbfaa3193078d1cabf6999db1382985b7f95,corpus50/lanes/lane2-perps-yield-bridges-intents.json
44,D07,Bridges / cross-domain,Across,In|Of|Oa|Pl|Sh|Ix|Xm|Xf,not_in_60_suite,infrastructure,,intent_bridge,settlement:cross_domain|execution:intent,no,outside_core.explicit_capability,settlement.threshold_attested_bridge,user-supplied repository-verified updated run; roster and internal counts independently reproduced at the pinned source commit,8ae0bbfaa3193078d1cabf6999db1382985b7f95,corpus50/lanes/lane2-perps-yield-bridges-intents.json
45,D08,Intents / aggregation / order flow,LiquidMesh,Ag,included,F1,,solver_or_aggregator_access,execution:intent_or_aggregated,no,exchange.constant_product_swap,execution.bounded_solver_intent,user-supplied repository-verified updated run; roster and internal counts independently reproduced at the pinned source commit,8ae0bbfaa3193078d1cabf6999db1382985b7f95,corpus50/lanes/lane2-perps-yield-bridges-intents.json
46,D08,Intents / aggregation / order flow,Binance Wallet,Ag|Rf,included,F1,,solver_or_aggregator_access,execution:intent_or_aggregated,no,exchange.constant_product_swap,execution.bounded_solver_intent,user-supplied repository-verified updated run; roster and internal counts independently reproduced at the pinned source commit,8ae0bbfaa3193078d1cabf6999db1382985b7f95,corpus50/lanes/lane2-perps-yield-bridges-intents.json
47,D08,Intents / aggregation / order flow,OKX DEX,Ag|Rf,included,F1,,solver_or_aggregator_access,execution:intent_or_aggregated,no,exchange.constant_product_swap,execution.bounded_solver_intent,user-supplied repository-verified updated run; roster and internal counts independently reproduced at the pinned source commit,8ae0bbfaa3193078d1cabf6999db1382985b7f95,corpus50/lanes/lane2-perps-yield-bridges-intents.json
48,D08,Intents / aggregation / order flow,Jupiter,Ag|Rf|In,included,F1,,solver_or_aggregator_access,execution:intent_or_aggregated,no,exchange.constant_product_swap,execution.bounded_solver_intent,user-supplied repository-verified updated run; roster and internal counts independently reproduced at the pinned source commit,8ae0bbfaa3193078d1cabf6999db1382985b7f95,corpus50/lanes/lane2-perps-yield-bridges-intents.json
49,D08,Intents / aggregation / order flow,KyberSwap,Ag,included,F1,,solver_or_aggregator_access,execution:intent_or_aggregated,no,exchange.constant_product_swap,execution.bounded_solver_intent,user-supplied repository-verified updated run; roster and internal counts independently reproduced at the pinned source commit,8ae0bbfaa3193078d1cabf6999db1382985b7f95,corpus50/lanes/lane2-perps-yield-bridges-intents.json
50,D08,Intents / aggregation / order flow,DFlow,Ag|Rf|Aw,not_in_60_suite,F1,,solver_or_aggregator_access,execution:intent_or_aggregated,no,exchange.constant_product_swap,execution.bounded_solver_intent,user-supplied repository-verified updated run; roster and internal counts independently reproduced at the pinned source commit,8ae0bbfaa3193078d1cabf6999db1382985b7f95,corpus50/lanes/lane2-perps-yield-bridges-intents.json
51,D08,Intents / aggregation / order flow,1inch,Ag|In|Rf,not_in_60_suite,F1,,solver_or_aggregator_access,execution:intent_or_aggregated,no,exchange.constant_product_swap,execution.bounded_solver_intent,user-supplied repository-verified updated run; roster and internal counts independently reproduced at the pinned source commit,8ae0bbfaa3193078d1cabf6999db1382985b7f95,corpus50/lanes/lane2-perps-yield-bridges-intents.json
52,D08,Intents / aggregation / order flow,CoW Swap,Ba|In|Ag|Rf|Fl|Bs|Em,not_in_60_suite,F1,,solver_or_aggregator_access,execution:intent_or_aggregated,no,exchange.constant_product_swap,execution.bounded_solver_intent,user-supplied repository-verified updated run; roster and internal counts independently reproduced at the pinned source commit,8ae0bbfaa3193078d1cabf6999db1382985b7f95,corpus50/lanes/lane2-perps-yield-bridges-intents.json
53,D09,RWA / tokenised treasuries & private credit,Ondo Finance (USDY + OUSG + Global Markets),Aw|Sh|Ix|Rb|Tr|At|Ex|Rd|Fz|Xf|Xm|Up|Gp|Tg,included,F5,,tokenized_offchain_claim,legal:rwa|custody:offchain,no,claim.reserve_backed_unit,capital.tokenized_asset_subscription,user-supplied repository-verified updated run; roster and internal counts independently reproduced at the pinned source commit,8ae0bbfaa3193078d1cabf6999db1382985b7f95,corpus50/lanes/lane3-rwa-options-stables-prediction.json
54,D09,RWA / tokenised treasuries & private credit,Circle USYC (Hashnote International Short Duration Yield Fund Ltd.),Aw|Sh|At|Ex|Rd|Fz|Up|Gp,included,F5,,tokenized_offchain_claim,legal:rwa|custody:offchain,no,claim.reserve_backed_unit,capital.tokenized_asset_subscription,user-supplied repository-verified updated run; roster and internal counts independently reproduced at the pinned source commit,8ae0bbfaa3193078d1cabf6999db1382985b7f95,corpus50/lanes/lane3-rwa-options-stables-prediction.json
55,D09,RWA / tokenised treasuries & private credit,"BlackRock BUIDL (BlackRock USD Institutional Digital Liquidity Fund, via Securitize)",Aw|Sh|At|Rd|Ps|Fz|Xf|Xm|Up|Gp,included,F5,,tokenized_offchain_claim,legal:rwa|custody:offchain,no,claim.reserve_backed_unit,capital.tokenized_asset_subscription,user-supplied repository-verified updated run; roster and internal counts independently reproduced at the pinned source commit,8ae0bbfaa3193078d1cabf6999db1382985b7f95,corpus50/lanes/lane3-rwa-options-stables-prediction.json
56,D09,RWA / tokenised treasuries & private credit,Maple Finance (syrupUSDC / syrupUSDT + institutional pools),Aw|Pl|Sh|Ct|Ft|Sv|Wq|Bs|Em|Fd|Up|Gp|Tg,included,F5,F2,private_credit_claim,legal:rwa|mandate:delegate,no,claim.reserve_backed_unit,capital.tokenized_asset_subscription,user-supplied repository-verified updated run; roster and internal counts independently reproduced at the pinned source commit,8ae0bbfaa3193078d1cabf6999db1382985b7f95,corpus50/lanes/lane3-rwa-options-stables-prediction.json
57,D09,RWA / tokenised treasuries & private credit,Centrifuge (Centrifuge Protocol V3),Aw|Sh|Tr|At|Ex|Ep|Wq|Sv|Xm|Xf|Up|Gp|Tg,included,F5,,tokenized_offchain_claim,legal:rwa|custody:offchain,no,claim.reserve_backed_unit,capital.tokenized_asset_subscription,user-supplied repository-verified updated run; roster and internal counts independently reproduced at the pinned source commit,8ae0bbfaa3193078d1cabf6999db1382985b7f95,corpus50/lanes/lane3-rwa-options-stables-prediction.json
58,D10,Options / structured products,Derive (formerly Lyra V2),Ob|Rf|Op|Pf|Ct|Li|Bs|Sh|Xf|Xm|Ex|Em|Up|Gp,included,F3,,option_or_structured_derivative,oracle:price,yes,derivative.escrowed_option,derivative.european_option,user-supplied repository-verified updated run; roster and internal counts independently reproduced at the pinned source commit,8ae0bbfaa3193078d1cabf6999db1382985b7f95,corpus50/lanes/lane3-rwa-options-stables-prediction.json
59,D10,Options / structured products,Rysk V12,Sh|Op|Dp|Ep|Wq|Ct|Ex|Em|Up|Gp,included,F3,,option_or_structured_derivative,oracle:price,yes,derivative.escrowed_option,derivative.european_option,user-supplied repository-verified updated run; roster and internal counts independently reproduced at the pinned source commit,8ae0bbfaa3193078d1cabf6999db1382985b7f95,corpus50/lanes/lane3-rwa-options-stables-prediction.json
60,D10,Options / structured products,Hegic,Op|Sh|Ex|Up|Gp,included,F3,,option_or_structured_derivative,oracle:price,yes,derivative.escrowed_option,derivative.european_option,user-supplied repository-verified updated run; roster and internal counts independently reproduced at the pinned source commit,8ae0bbfaa3193078d1cabf6999db1382985b7f95,corpus50/lanes/lane3-rwa-options-stables-prediction.json
61,D10,Options / structured products,Aevo (Ribbon Finance lineage),Ob|Op|Pf|Ct|Li|Sh|Xf|Xm|Ex|Em|Up|Gp,included,F3,,option_or_structured_derivative,oracle:price,yes,derivative.escrowed_option,derivative.european_option,user-supplied repository-verified updated run; roster and internal counts independently reproduced at the pinned source commit,8ae0bbfaa3193078d1cabf6999db1382985b7f95,corpus50/lanes/lane3-rwa-options-stables-prediction.json
62,D10,Options / structured products,Panoptic V2,Cl|Op|Sr|Pl|Ct|Li|Sh|Up|Gp,included,F3,,option_or_structured_derivative,oracle:price,yes,derivative.escrowed_option,derivative.european_option,user-supplied repository-verified updated run; roster and internal counts independently reproduced at the pinned source commit,8ae0bbfaa3193078d1cabf6999db1382985b7f95,corpus50/lanes/lane3-rwa-options-stables-prediction.json
63,D11,Reserve-backed / fiat stablecoin issuers,Tether USDT,Ps|Rd|At|Fz|Up,included,F5,,reserve_backed_monetary_claim,legal:reserve|custody:offchain,no,claim.reserve_backed_unit,money.reserve_attested_stablecoin,user-supplied repository-verified updated run; roster and internal counts independently reproduced at the pinned source commit,8ae0bbfaa3193078d1cabf6999db1382985b7f95,corpus50/lanes/lane3-rwa-options-stables-prediction.json
64,D11,Reserve-backed / fiat stablecoin issuers,Circle USDC,Ps|Rd|At|Fz|Aw|Xm|Xf|Up|Gp,included,F5,,reserve_backed_monetary_claim,legal:reserve|custody:offchain,no,claim.reserve_backed_unit,money.reserve_attested_stablecoin,user-supplied repository-verified updated run; roster and internal counts independently reproduced at the pinned source commit,8ae0bbfaa3193078d1cabf6999db1382985b7f95,corpus50/lanes/lane3-rwa-options-stables-prediction.json
65,D11,Reserve-backed / fiat stablecoin issuers,World Liberty Financial USD1,Ps|Rd|At|Fz|Up,included,F5,,reserve_backed_monetary_claim,legal:reserve|custody:offchain,no,claim.reserve_backed_unit,money.reserve_attested_stablecoin,user-supplied repository-verified updated run; roster and internal counts independently reproduced at the pinned source commit,8ae0bbfaa3193078d1cabf6999db1382985b7f95,corpus50/lanes/lane3-rwa-options-stables-prediction.json
66,D11,Reserve-backed / fiat stablecoin issuers,Global Dollar USDG (Paxos / Global Dollar Network),Ps|Rd|At|Fz|Fd|Up,included,F5,,reserve_backed_monetary_claim,legal:reserve|custody:offchain,no,claim.reserve_backed_unit,money.reserve_attested_stablecoin,user-supplied repository-verified updated run; roster and internal counts independently reproduced at the pinned source commit,8ae0bbfaa3193078d1cabf6999db1382985b7f95,corpus50/lanes/lane3-rwa-options-stables-prediction.json
67,D11,Reserve-backed / fiat stablecoin issuers,PayPal USD (PYUSD),Ps|Rd|At|Fz|Xm|Xf|Up,included,F5,,reserve_backed_monetary_claim,legal:reserve|custody:offchain,no,claim.reserve_backed_unit,money.reserve_attested_stablecoin,user-supplied repository-verified updated run; roster and internal counts independently reproduced at the pinned source commit,8ae0bbfaa3193078d1cabf6999db1382985b7f95,corpus50/lanes/lane3-rwa-options-stables-prediction.json
68,D12,Prediction markets & other (uncategorized large protocols),Kalshi,Aw|Rd|Ct,included,P,,conditional_token_market,oracle:resolution|conditional_token:split_merge,conditional,prediction.conditional_token_market,derivative.event_contingent_market,user-supplied repository-verified updated run; roster and internal counts independently reproduced at the pinned source commit,8ae0bbfaa3193078d1cabf6999db1382985b7f95,corpus50/lanes/lane3-rwa-options-stables-prediction.json
69,D12,Prediction markets & other (uncategorized large protocols),Polymarket,Ob|Oa|Rd|Au|Gs|Aw|Up|Gp,included,P,,conditional_token_market,oracle:resolution|conditional_token:split_merge,conditional,prediction.conditional_token_market,derivative.event_contingent_market,user-supplied repository-verified updated run; roster and internal counts independently reproduced at the pinned source commit,8ae0bbfaa3193078d1cabf6999db1382985b7f95,corpus50/lanes/lane3-rwa-options-stables-prediction.json
70,D12,Prediction markets & other (uncategorized large protocols),Azuro,Sh|Rl|Ex|Sv|Rd|Em|Up|Gp,included,P,,conditional_token_liquidity_pool,oracle:resolution|conditional_token:split_merge,conditional,prediction.conditional_token_market,derivative.event_contingent_market,user-supplied repository-verified updated run; roster and internal counts independently reproduced at the pinned source commit,8ae0bbfaa3193078d1cabf6999db1382985b7f95,corpus50/lanes/lane3-rwa-options-stables-prediction.json
71,D12,Prediction markets & other (uncategorized large protocols),Steakhouse Financial (Risk Curators),Sh|Im|Ct|Wq|Tg|Gp|Fd,included,F6,,risk_curator,mandate:bounded|strategy:external,no,management.bounded_allocation_mandate,asset_management.delegated_curator_vault,user-supplied repository-verified updated run; roster and internal counts independently reproduced at the pinned source commit,8ae0bbfaa3193078d1cabf6999db1382985b7f95,corpus50/lanes/lane3-rwa-options-stables-prediction.json
72,D12,Prediction markets & other (uncategorized large protocols),Grove Finance (Onchain Capital Allocator),Sh|Aw|At|Xf|Tg|Gp,included,F6,,capital_allocator,mandate:bounded|strategy:external,no,management.bounded_allocation_mandate,asset_management.delegated_curator_vault,user-supplied repository-verified updated run; roster and internal counts independently reproduced at the pinned source commit,8ae0bbfaa3193078d1cabf6999db1382985b7f95,corpus50/lanes/lane3-rwa-options-stables-prediction.json
