corpus_ordinal,lane,legacy_id,legacy_category,protocol,rank_basis,element_count,elements,residue_count,forced_count,order_known,construction_status,construction_app,construction_spec,construction_match_basis,product_family,instrument_family,mechanism_family,trust_facets,disposition,mapping_status,canonical_pattern_id,mapping_basis,source_commit,source_file
1,Spot DEX/AMM; Lending; CDP & collateral-backed stablecoins; Liquid staking & restaking,D01,Spot DEX / AMM,Uniswap,"$3,058.0M TVL (V3 $1,449.0M + V4 $821.9M + V2 $784.1M), DefiLlama 2026-08-04, rank 1 of category 'Dexs'",7,Cp|Sh|Tp|Fl|Cl|Fd|Tg,5,3,true,included,Uniswap,expansion/01-spot-exchange/specs/uniswap.json,normalized_exact,PF-EXCH,IN-SPOT,ME-AMM|ME-BOOK|ME-RFQ,,rename_narrow,category_level_draft,exchange.bounded_batch_swap,user-supplied M4+ report; checked against locally accessible DeFiFormal roster,8ae0bbfaa3193078d1cabf6999db1382985b7f95,corpus50/lanes/lane1-dex-lending-cdp-lsd.json
2,Spot DEX/AMM; Lending; CDP & collateral-backed stablecoins; Liquid staking & restaking,D01,Spot DEX / AMM,PancakeSwap,"$2,049.0M TVL (AMM v2 $1,684.2M + v3 $288.0M + Infinity $73.1M), DefiLlama 2026-08-04, rank 2",8,Cp|Sh|Cl|Fl|Em|Fd|Tg|Up,3,1,true,included,PancakeSwap,expansion/01-spot-exchange/specs/pancakeswap.json,normalized_exact,PF-EXCH,IN-SPOT,ME-AMM|ME-BOOK|ME-RFQ,,rename_narrow,category_level_draft,exchange.bounded_batch_swap,user-supplied M4+ report; checked against locally accessible DeFiFormal roster,8ae0bbfaa3193078d1cabf6999db1382985b7f95,corpus50/lanes/lane1-dex-lending-cdp-lsd.json
3,Spot DEX/AMM; Lending; CDP & collateral-backed stablecoins; Liquid staking & restaking,D01,Spot DEX / AMM,Curve,"$1,277.0M TVL (Curve DEX), DefiLlama 2026-08-04, rank 3",8,St|Sh|Tp|Em|Ve|Fd|Tg|Ag,5,4,true,included,Curve,expansion/01-spot-exchange/specs/curve.json,normalized_exact,PF-EXCH,IN-SPOT,ME-AMM|ME-BOOK|ME-RFQ,,rename_narrow,category_level_draft,exchange.bounded_batch_swap,user-supplied M4+ report; checked against locally accessible DeFiFormal roster,8ae0bbfaa3193078d1cabf6999db1382985b7f95,corpus50/lanes/lane1-dex-lending-cdp-lsd.json
4,Spot DEX/AMM; Lending; CDP & collateral-backed stablecoins; Liquid staking & restaking,D01,Spot DEX / AMM,Raydium,"$819.1M TVL (Raydium AMM), DefiLlama 2026-08-04, rank 4",6,Cp|Sh|Cl|Em|Fd|Up,3,2,true,included,Raydium,expansion/01-spot-exchange/specs/raydium.json,normalized_exact,PF-EXCH,IN-SPOT,ME-AMM|ME-BOOK|ME-RFQ,,rename_narrow,category_level_draft,exchange.bounded_batch_swap,user-supplied M4+ report; checked against locally accessible DeFiFormal roster,8ae0bbfaa3193078d1cabf6999db1382985b7f95,corpus50/lanes/lane1-dex-lending-cdp-lsd.json
5,Spot DEX/AMM; Lending; CDP & collateral-backed stablecoins; Liquid staking & restaking,D01,Spot DEX / AMM,Fluid,"$283.0M TVL (Fluid DEX component only; Fluid's lending arm is a separate $663.8M entry in 'Lending'), DefiLlama 2026-08-04, rank 5",9,Cl|Sh|Pl|Ct|Li|Ex|Tg|Up|Gp,4,2,false,included,Fluid,expansion/01-spot-exchange/specs/fluid.json,normalized_exact,PF-EXCH,IN-SPOT,ME-AMM|ME-BOOK|ME-RFQ,,rename_narrow,category_level_draft,exchange.bounded_batch_swap,user-supplied M4+ report; checked against locally accessible DeFiFormal roster,8ae0bbfaa3193078d1cabf6999db1382985b7f95,corpus50/lanes/lane1-dex-lending-cdp-lsd.json
6,Spot DEX/AMM; Lending; CDP & collateral-backed stablecoins; Liquid staking & restaking,D02,Lending,Aave V3,"$14,358.6M TVL (parent aggregate; Aave V3 alone $14,027.0M), DefiLlama 2026-08-04, rank 1 of category 'Lending'",17,Pl|Ix|Rb|Ct|Ex|Li|Fl|Im|Em|Bs|Sl|Cd|Xm|Fd|Up|Tg|Gp,6,4,true,included,Aave V3,expansion/02-lending/specs/aave-v3.json,normalized_exact,PF-CREDIT,IN-DEBT,ME-DEBT|ME-COLL,,preserve_rename,category_level_draft,credit.collateralized_term_loan,user-supplied M4+ report; checked against locally accessible DeFiFormal roster,8ae0bbfaa3193078d1cabf6999db1382985b7f95,corpus50/lanes/lane1-dex-lending-cdp-lsd.json
7,Spot DEX/AMM; Lending; CDP & collateral-backed stablecoins; Liquid staking & restaking,D02,Lending,Morpho,"$7,665.5M TVL (Morpho Blue $7,663.5M), DefiLlama 2026-08-04, rank 2",14,Im|Pl|Sh|Ix|Ct|Ex|Li|Fl|Sl|Aw|Sv|Em|Tg|Gp,5,3,true,included,Morpho,expansion/02-lending/specs/morpho.json,normalized_exact,PF-CREDIT,IN-DEBT,ME-DEBT|ME-COLL,,preserve_rename,category_level_draft,credit.collateralized_term_loan,user-supplied M4+ report; checked against locally accessible DeFiFormal roster,8ae0bbfaa3193078d1cabf6999db1382985b7f95,corpus50/lanes/lane1-dex-lending-cdp-lsd.json
8,Spot DEX/AMM; Lending; CDP & collateral-backed stablecoins; Liquid staking & restaking,D02,Lending,SparkLend,"$3,636.9M TVL, DefiLlama 2026-08-04, rank 3",12,Pl|Ix|Rb|Ct|Ex|Li|Fl|Im|Em|Up|Tg|Gp,3,1,true,included,SparkLend,expansion/02-lending/specs/sparklend.json,normalized_exact,PF-CREDIT,IN-DEBT,ME-DEBT|ME-COLL,,preserve_rename,category_level_draft,credit.collateralized_term_loan,user-supplied M4+ report; checked against locally accessible DeFiFormal roster,8ae0bbfaa3193078d1cabf6999db1382985b7f95,corpus50/lanes/lane1-dex-lending-cdp-lsd.json
9,Spot DEX/AMM; Lending; CDP & collateral-backed stablecoins; Liquid staking & restaking,D02,Lending,JustLend V1,"$3,385.2M TVL, DefiLlama 2026-08-04, rank 4",9,Pl|Sh|Ix|Ct|Ex|Li|Em|Up|Gp,3,2,true,included,JustLend V1,expansion/02-lending/specs/justlend-v1.json,normalized_exact,PF-CREDIT,IN-DEBT,ME-DEBT|ME-COLL,,preserve_rename,category_level_draft,credit.collateralized_term_loan,user-supplied M4+ report; checked against locally accessible DeFiFormal roster,8ae0bbfaa3193078d1cabf6999db1382985b7f95,corpus50/lanes/lane1-dex-lending-cdp-lsd.json
10,Spot DEX/AMM; Lending; CDP & collateral-backed stablecoins; Liquid staking & restaking,D02,Lending,Maple,"$2,262.7M TVL, DefiLlama 2026-08-04, rank 5",16,Pl|Sh|Ix|Aw|Uc|Ft|Ct|Sv|Wq|At|Ex|Li|Em|Up|Tg|Gp,5,4,true,included,Maple,expansion/02-lending/specs/maple.json,normalized_exact,PF-CREDIT,IN-DEBT,ME-DEBT|ME-COLL,,preserve_rename,category_level_draft,credit.collateralized_term_loan,user-supplied M4+ report; checked against locally accessible DeFiFormal roster,8ae0bbfaa3193078d1cabf6999db1382985b7f95,corpus50/lanes/lane1-dex-lending-cdp-lsd.json
11,Spot DEX/AMM; Lending; CDP & collateral-backed stablecoins; Liquid staking & restaking,D02,Lending,Compound V3,"$1,126.4M TVL, DefiLlama 2026-08-04, rank 6 — below the top five, included because the brief asks whether Aave and Compound decompose identically",12,Im|Pl|Ix|Rb|Ct|Ex|Li|Sl|Em|Up|Tg|Gp,4,3,true,not_in_60_suite,,,,PF-CREDIT,IN-DEBT,ME-DEBT|ME-COLL,,preserve_rename,category_level_draft,credit.collateralized_term_loan,user-supplied M4+ report; checked against locally accessible DeFiFormal roster,8ae0bbfaa3193078d1cabf6999db1382985b7f95,corpus50/lanes/lane1-dex-lending-cdp-lsd.json
12,Spot DEX/AMM; Lending; CDP & collateral-backed stablecoins; Liquid staking & restaking,D03,CDP / collateral-backed stablecoins,"Sky (Sky Lending, ex-MakerDAO)","$5,665.3M TVL (Sky Lending), DefiLlama 2026-08-04, rank 1 of category 'CDP'",14,Cd|Ct|Ex|Li|Ix|Ps|Sl|At|Fd|Em|Xf|Up|Tg|Gp,5,4,true,included,"Sky (Sky Lending, ex-MakerDAO)",expansion/03-cdp-stablecoins/specs/sky.json,normalized_exact,PF-CREDIT|PF-MONEY,IN-DEBT|IN-MONEY,ME-COLL|ME-ISSUE,,merge_convert,category_level_draft,money.collateralized_debt_position,user-supplied M4+ report; checked against locally accessible DeFiFormal roster,8ae0bbfaa3193078d1cabf6999db1382985b7f95,corpus50/lanes/lane1-dex-lending-cdp-lsd.json
13,Spot DEX/AMM; Lending; CDP & collateral-backed stablecoins; Liquid staking & restaking,D03,CDP / collateral-backed stablecoins,Ethena (USDe / sUSDe),"$3,872.9M TVL, DefiLlama 2026-08-04. DefiLlama files it under 'Basis Trading', not 'CDP' — included here because it is the second-largest collateral-backed synthetic dollar and is the assigned delta-neutral stress test",16,Sh|Ix|Rd|Aw|At|Ex|Wq|Tr|Bs|Dp|Fz|Xf|Em|Up|Tg|Gp,6,7,false,included,Ethena (USDe / sUSDe),expansion/03-cdp-stablecoins/specs/ethena.json,normalized_exact,PF-CREDIT|PF-MONEY,IN-DEBT|IN-MONEY,ME-COLL|ME-ISSUE,,merge_convert,category_level_draft,money.collateralized_debt_position,user-supplied M4+ report; checked against locally accessible DeFiFormal roster,8ae0bbfaa3193078d1cabf6999db1382985b7f95,corpus50/lanes/lane1-dex-lending-cdp-lsd.json
14,Spot DEX/AMM; Lending; CDP & collateral-backed stablecoins; Liquid staking & restaking,D03,CDP / collateral-backed stablecoins,USDD,"$1,299.4M TVL, DefiLlama 2026-08-04, rank 2 of category 'CDP'",13,Cd|Ct|Ex|Li|Ix|Ps|Sl|At|Em|Xf|Up|Tg|Gp,4,3,true,included,USDD,expansion/03-cdp-stablecoins/specs/usdd.json,normalized_exact,PF-CREDIT|PF-MONEY,IN-DEBT|IN-MONEY,ME-COLL|ME-ISSUE,,merge_convert,category_level_draft,money.collateralized_debt_position,user-supplied M4+ report; checked against locally accessible DeFiFormal roster,8ae0bbfaa3193078d1cabf6999db1382985b7f95,corpus50/lanes/lane1-dex-lending-cdp-lsd.json
15,Spot DEX/AMM; Lending; CDP & collateral-backed stablecoins; Liquid staking & restaking,D03,CDP / collateral-backed stablecoins,Lista CDP,"$320.7M TVL, DefiLlama 2026-08-04, rank 3 of category 'CDP'",11,Cd|Ct|Ex|Li|Ix|Ps|Sl|Em|Up|Tg|Gp,4,1,true,included,Lista CDP,expansion/03-cdp-stablecoins/specs/lista-cdp.json,normalized_exact,PF-CREDIT|PF-MONEY,IN-DEBT|IN-MONEY,ME-COLL|ME-ISSUE,,merge_convert,category_level_draft,money.collateralized_debt_position,user-supplied M4+ report; checked against locally accessible DeFiFormal roster,8ae0bbfaa3193078d1cabf6999db1382985b7f95,corpus50/lanes/lane1-dex-lending-cdp-lsd.json
16,Spot DEX/AMM; Lending; CDP & collateral-backed stablecoins; Liquid staking & restaking,D03,CDP / collateral-backed stablecoins,Liquity (V1 + V2),"$207.9M TVL (V1 $137.2M + V2 $70.6M), DefiLlama 2026-08-04, rank 4 of category 'CDP'",9,Cd|Ct|Rd|Bs|Sl|Li|Ex|Em|Fd,5,4,true,included,Liquity (V1 + V2),expansion/03-cdp-stablecoins/specs/liquity.json,normalized_exact,PF-CREDIT|PF-MONEY,IN-DEBT|IN-MONEY,ME-COLL|ME-ISSUE,,merge_convert,category_level_draft,money.collateralized_debt_position,user-supplied M4+ report; checked against locally accessible DeFiFormal roster,8ae0bbfaa3193078d1cabf6999db1382985b7f95,corpus50/lanes/lane1-dex-lending-cdp-lsd.json
17,Spot DEX/AMM; Lending; CDP & collateral-backed stablecoins; Liquid staking & restaking,D03,CDP / collateral-backed stablecoins,crvUSD,"$72.9M TVL (crvUSD; plus Curve LlamaLend $61.4M filed under 'Lending'), DefiLlama 2026-08-04, rank 5 of category 'CDP'",11,Cd|Ct|Tp|Cl|Li|As|Ve|Fd|Up|Tg|Gp,4,4,true,not_in_60_suite,,,,PF-CREDIT|PF-MONEY,IN-DEBT|IN-MONEY,ME-COLL|ME-ISSUE,,merge_convert,category_level_draft,money.collateralized_debt_position,user-supplied M4+ report; checked against locally accessible DeFiFormal roster,8ae0bbfaa3193078d1cabf6999db1382985b7f95,corpus50/lanes/lane1-dex-lending-cdp-lsd.json
18,Spot DEX/AMM; Lending; CDP & collateral-backed stablecoins; Liquid staking & restaking,D04,Liquid staking & restaking,Lido,"$17,578.3M TVL, DefiLlama 2026-08-04, rank 1 of merged 'Liquid Staking'+'Restaking'+'Liquid Restaking'",13,Vl|Sh|Rb|Ex|Ep|Wq|Sl|Bs|Fd|Em|Up|Tg|Gp,5,5,true,included,Lido,expansion/04-liquid-staking/specs/lido.json,normalized_exact,PF-STAKE,IN-STAKE,ME-STAKE,,split_under_parent,category_level_draft,stake.delegation_receipt,user-supplied M4+ report; checked against locally accessible DeFiFormal roster,8ae0bbfaa3193078d1cabf6999db1382985b7f95,corpus50/lanes/lane1-dex-lending-cdp-lsd.json
19,Spot DEX/AMM; Lending; CDP & collateral-backed stablecoins; Liquid staking & restaking,D04,Liquid staking & restaking,Binance staked ETH (WBETH),"$6,940.0M TVL, DefiLlama 2026-08-04, rank 2",5,Sh|Ix|Rd|Aw|Up,5,3,false,included,Binance staked ETH (WBETH),expansion/04-liquid-staking/specs/binance-staked-eth-wbeth.json,normalized_exact,PF-STAKE,IN-STAKE,ME-STAKE,,split_under_parent,category_level_draft,stake.delegation_receipt,user-supplied M4+ report; checked against locally accessible DeFiFormal roster,8ae0bbfaa3193078d1cabf6999db1382985b7f95,corpus50/lanes/lane1-dex-lending-cdp-lsd.json
20,Spot DEX/AMM; Lending; CDP & collateral-backed stablecoins; Liquid staking & restaking,D04,Liquid staking & restaking,EigenCloud (EigenLayer),"$5,000.8M TVL, DefiLlama 2026-08-04, rank 3",12,Rs|Sh|Bs|Sl|Ep|Wq|Aw|Vl|Em|Up|Tg|Gp,5,3,true,included,EigenCloud (EigenLayer),expansion/04-liquid-staking/specs/eigencloud-eigenlayer.json,normalized_exact,PF-STAKE,IN-STAKE,ME-STAKE,,split_under_parent,category_level_draft,stake.delegation_receipt,user-supplied M4+ report; checked against locally accessible DeFiFormal roster,8ae0bbfaa3193078d1cabf6999db1382985b7f95,corpus50/lanes/lane1-dex-lending-cdp-lsd.json
21,Spot DEX/AMM; Lending; CDP & collateral-backed stablecoins; Liquid staking & restaking,D04,Liquid staking & restaking,ether.fi (eETH / weETH),"$3,293.7M TVL (ether.fi Stake; ether.fi Liquid $276.4M is filed separately under 'Onchain Capital Allocator'), DefiLlama 2026-08-04, rank 4",14,Vl|Rs|Rb|Sh|Wq|Ex|Ep|Bs|Sl|Tr|Em|Up|Tg|Gp,4,4,true,included,ether.fi (eETH / weETH),expansion/04-liquid-staking/specs/etherfi-eeth-weeth.json,normalized_exact,PF-STAKE,IN-STAKE,ME-STAKE,,split_under_parent,category_level_draft,stake.delegation_receipt,user-supplied M4+ report; checked against locally accessible DeFiFormal roster,8ae0bbfaa3193078d1cabf6999db1382985b7f95,corpus50/lanes/lane1-dex-lending-cdp-lsd.json
22,Spot DEX/AMM; Lending; CDP & collateral-backed stablecoins; Liquid staking & restaking,D04,Liquid staking & restaking,Babylon Protocol,"$2,732.9M TVL, DefiLlama 2026-08-04, rank 5",9,Rs|Bs|Sl|Vl|Ep|Wq|Xm|Aw|Em,5,4,true,included,Babylon Protocol,expansion/04-liquid-staking/specs/babylon-protocol.json,normalized_exact,PF-STAKE,IN-STAKE,ME-STAKE,,split_under_parent,category_level_draft,stake.delegation_receipt,user-supplied M4+ report; checked against locally accessible DeFiFormal roster,8ae0bbfaa3193078d1cabf6999db1382985b7f95,corpus50/lanes/lane1-dex-lending-cdp-lsd.json
23,Perpetuals/derivatives; Yield/vaults/aggregators; Bridges/cross-domain; Intents/aggregation/order flow,D05,Perpetuals / derivatives,Hyperliquid,"#1 by perp volume: $7.611b normalized 24h, $54.207b 7d, $195.602b 30d, $10.713b open interest (DefiLlama /perps, 2026-08-04). 44% of all on-chain perp volume.",14,Ob|Ct|Ex|Pf|Li|Ad|Sl|Sh|Bs|Vl|Xf|Xm|Wq|Gp,6,3,true,included,Hyperliquid,expansion/05-perpetuals/specs/hyperliquid.json,normalized_exact,PF-EXCH,IN-DERIV:perpetual,ME-MARGIN,,merge_instrument_family,category_level_draft,derivative.finite_horizon_perpetual,user-supplied M4+ report; checked against locally accessible DeFiFormal roster,8ae0bbfaa3193078d1cabf6999db1382985b7f95,corpus50/lanes/lane2-perps-yield-bridges-intents.json
24,Perpetuals/derivatives; Yield/vaults/aggregators; Bridges/cross-domain; Intents/aggregation/order flow,D05,Perpetuals / derivatives,ApeX Protocol (ApeX Omni),"#2 by perp volume: $1.318b normalized 24h ($1.34b reported), $9.17b 7d, $33.875b 30d, $116.47m OI (DefiLlama /perps, 2026-08-04).",12,Ob|Ct|Ex|Pf|Li|Sh|Bs|Xf|Xm|Em|Up|Tg,4,3,true,included,ApeX Protocol (ApeX Omni),expansion/05-perpetuals/specs/apex-protocol.json,normalized_exact,PF-EXCH,IN-DERIV:perpetual,ME-MARGIN,,merge_instrument_family,category_level_draft,derivative.finite_horizon_perpetual,user-supplied M4+ report; checked against locally accessible DeFiFormal roster,8ae0bbfaa3193078d1cabf6999db1382985b7f95,corpus50/lanes/lane2-perps-yield-bridges-intents.json
25,Perpetuals/derivatives; Yield/vaults/aggregators; Bridges/cross-domain; Intents/aggregation/order flow,D05,Perpetuals / derivatives,Aster,"#3 by perp volume: $1.251b normalized 24h, $11.584b 7d, $41.033b 30d, $1.933b OI (DefiLlama /perps, 2026-08-04).",11,Ob|Pm|Sh|Ct|Ex|Pf|Li|Xf|Em|Up|Gp,4,3,false,included,Aster,expansion/05-perpetuals/specs/aster.json,normalized_exact,PF-EXCH,IN-DERIV:perpetual,ME-MARGIN,,merge_instrument_family,category_level_draft,derivative.finite_horizon_perpetual,user-supplied M4+ report; checked against locally accessible DeFiFormal roster,8ae0bbfaa3193078d1cabf6999db1382985b7f95,corpus50/lanes/lane2-perps-yield-bridges-intents.json
26,Perpetuals/derivatives; Yield/vaults/aggregators; Bridges/cross-domain; Intents/aggregation/order flow,D05,Perpetuals / derivatives,Lighter,"#4 by perp volume: $1.17b normalized 24h ($1.175b reported), $8.384b 7d, $34.221b 30d, $872.18m OI (DefiLlama /perps, 2026-08-04).",13,Ob|Ct|Ex|Pf|Li|Ad|Sh|Xf|Xm|Wq|Em|Up|Gp,4,3,true,included,Lighter,expansion/05-perpetuals/specs/lighter.json,normalized_exact,PF-EXCH,IN-DERIV:perpetual,ME-MARGIN,,merge_instrument_family,category_level_draft,derivative.finite_horizon_perpetual,user-supplied M4+ report; checked against locally accessible DeFiFormal roster,8ae0bbfaa3193078d1cabf6999db1382985b7f95,corpus50/lanes/lane2-perps-yield-bridges-intents.json
27,Perpetuals/derivatives; Yield/vaults/aggregators; Bridges/cross-domain; Intents/aggregation/order flow,D05,Perpetuals / derivatives,edgeX,"#5 by perp volume: $966.24m normalized 24h ($268.11m reported), $6.986b 7d, $20.522b 30d (DefiLlama /perps, 2026-08-04).",12,Ob|Ct|Ex|Pf|Li|Sh|Bs|Xf|Xm|Em|Up|Gp,3,3,true,included,edgeX,expansion/05-perpetuals/specs/edgex.json,normalized_exact,PF-EXCH,IN-DERIV:perpetual,ME-MARGIN,,merge_instrument_family,category_level_draft,derivative.finite_horizon_perpetual,user-supplied M4+ report; checked against locally accessible DeFiFormal roster,8ae0bbfaa3193078d1cabf6999db1382985b7f95,corpus50/lanes/lane2-perps-yield-bridges-intents.json
28,Perpetuals/derivatives; Yield/vaults/aggregators; Bridges/cross-domain; Intents/aggregation/order flow,D05,Perpetuals / derivatives,Jupiter Perpetual Exchange,"OUTSIDE the volume top 5, included deliberately as the oracle-priced-pool control: #1 in DefiLlama's 'Derivatives' category by TVL at $703.6m (api.llama.fi/protocols, 2026-08-04). Included because all five volume leaders are order-book venues, so a volume-only top 5 would have tested zero pool-based designs.",8,Pm|Sh|Ex|Ct|Sr|Li|Up|Gp,4,2,true,not_in_60_suite,,,,PF-EXCH,IN-DERIV:perpetual,ME-MARGIN,,merge_instrument_family,category_level_draft,derivative.finite_horizon_perpetual,user-supplied M4+ report; checked against locally accessible DeFiFormal roster,8ae0bbfaa3193078d1cabf6999db1382985b7f95,corpus50/lanes/lane2-perps-yield-bridges-intents.json
29,Perpetuals/derivatives; Yield/vaults/aggregators; Bridges/cross-domain; Intents/aggregation/order flow,D05,Perpetuals / derivatives,GMX V2 Perps,"OUTSIDE the volume top 5, included as the second pool-based control and because the brief specifically asks whether the vocabulary separates Hyperliquid from GMX: #3 in DefiLlama's 'Derivatives' category by TVL at $173.5m across 4 chains (api.llama.fi/protocols, 2026-08-04).",13,Pm|Sh|Im|Ex|Ct|Pf|Sr|Li|Ad|Em|Tg|Up|Gp,4,2,true,not_in_60_suite,,,,PF-EXCH,IN-DERIV:perpetual,ME-MARGIN,,merge_instrument_family,category_level_draft,derivative.finite_horizon_perpetual,user-supplied M4+ report; checked against locally accessible DeFiFormal roster,8ae0bbfaa3193078d1cabf6999db1382985b7f95,corpus50/lanes/lane2-perps-yield-bridges-intents.json
30,Perpetuals/derivatives; Yield/vaults/aggregators; Bridges/cross-domain; Intents/aggregation/order flow,D06,Yield / vaults / aggregators,Pendle,"#1 by TVL in DefiLlama categories Yield + Yield Aggregator: $1,197.6m across 12 chains (api.llama.fi/protocols, 2026-08-04). Also $19.06m DEX volume 24h.",8,Ix|Py|Ft|Rd|Ep|Em|Up|Gp,5,3,true,included,Pendle,expansion/06-yield-vaults/specs/pendle.json,normalized_exact,PF-AM,IN-SHARE,ME-ALLOC,control:curator_or_automation,rename_split,category_level_draft,asset_management.capped_share_vault,user-supplied M4+ report; checked against locally accessible DeFiFormal roster,8ae0bbfaa3193078d1cabf6999db1382985b7f95,corpus50/lanes/lane2-perps-yield-bridges-intents.json
31,Perpetuals/derivatives; Yield/vaults/aggregators; Bridges/cross-domain; Intents/aggregation/order flow,D06,Yield / vaults / aggregators,Spark Savings (sUSDS / Sky Savings Rate),"#2 by TVL: $1,132.5m across 8 chains (api.llama.fi/protocols, 2026-08-04).",9,Sh|Ix|Sr|Rd|Ps|Xf|Tg|Gp|Up,4,2,true,included,Spark Savings (sUSDS / Sky Savings Rate),expansion/06-yield-vaults/specs/spark-savings.json,normalized_exact,PF-AM,IN-SHARE,ME-ALLOC,control:curator_or_automation,rename_split,category_level_draft,asset_management.capped_share_vault,user-supplied M4+ report; checked against locally accessible DeFiFormal roster,8ae0bbfaa3193078d1cabf6999db1382985b7f95,corpus50/lanes/lane2-perps-yield-bridges-intents.json
32,Perpetuals/derivatives; Yield/vaults/aggregators; Bridges/cross-domain; Intents/aggregation/order flow,D06,Yield / vaults / aggregators,Convex Finance,"#3 by TVL: $456.4m across 4 chains (api.llama.fi/protocols, 2026-08-04).",7,Sh|Ix|Em|Ep|Tg|Up|Gp,4,3,true,included,Convex Finance,expansion/06-yield-vaults/specs/convex-finance.json,normalized_exact,PF-AM,IN-SHARE,ME-ALLOC,control:curator_or_automation,rename_split,category_level_draft,asset_management.capped_share_vault,user-supplied M4+ report; checked against locally accessible DeFiFormal roster,8ae0bbfaa3193078d1cabf6999db1382985b7f95,corpus50/lanes/lane2-perps-yield-bridges-intents.json
33,Perpetuals/derivatives; Yield/vaults/aggregators; Bridges/cross-domain; Intents/aggregation/order flow,D06,Yield / vaults / aggregators,CIAN Yield Layer,"#4 by TVL: $244.5m across 7 chains (api.llama.fi/protocols, 2026-08-04). Largest pure 'Yield Aggregator'-classified protocol.",9,Sh|Ix|Fl|Ct|Ex|Wq|Em|Up|Gp,4,2,true,included,CIAN Yield Layer,expansion/06-yield-vaults/specs/cian-yield-layer.json,normalized_exact,PF-AM,IN-SHARE,ME-ALLOC,control:curator_or_automation,rename_split,category_level_draft,asset_management.capped_share_vault,user-supplied M4+ report; checked against locally accessible DeFiFormal roster,8ae0bbfaa3193078d1cabf6999db1382985b7f95,corpus50/lanes/lane2-perps-yield-bridges-intents.json
34,Perpetuals/derivatives; Yield/vaults/aggregators; Bridges/cross-domain; Intents/aggregation/order flow,D06,Yield / vaults / aggregators,Huma Finance V2,"#5 by TVL: $219.3m on Solana (api.llama.fi/protocols, 2026-08-04).",10,Uc|Tr|Sh|Ix|Ft|Bs|Ep|Wq|Aw|At,4,4,true,included,Huma Finance V2,expansion/06-yield-vaults/specs/huma-finance-v2.json,normalized_exact,PF-AM,IN-SHARE,ME-ALLOC,control:curator_or_automation,rename_split,category_level_draft,asset_management.capped_share_vault,user-supplied M4+ report; checked against locally accessible DeFiFormal roster,8ae0bbfaa3193078d1cabf6999db1382985b7f95,corpus50/lanes/lane2-perps-yield-bridges-intents.json
35,Perpetuals/derivatives; Yield/vaults/aggregators; Bridges/cross-domain; Intents/aggregation/order flow,D06,Yield / vaults / aggregators,Yearn Finance,"OUTSIDE the top 5 (#6 by TVL in Yield + Yield Aggregator: $176.2m across 7 chains, api.llama.fi/protocols, 2026-08-04). Included because the brief names it and because it is the canonical test of whether a strategy is an element.",8,Sh|Ix|Sr|Wq|Em|Tg|Up|Gp,4,2,true,not_in_60_suite,,,,PF-AM,IN-SHARE,ME-ALLOC,control:curator_or_automation,rename_split,category_level_draft,asset_management.capped_share_vault,user-supplied M4+ report; checked against locally accessible DeFiFormal roster,8ae0bbfaa3193078d1cabf6999db1382985b7f95,corpus50/lanes/lane2-perps-yield-bridges-intents.json
36,Perpetuals/derivatives; Yield/vaults/aggregators; Bridges/cross-domain; Intents/aggregation/order flow,D06,Yield / vaults / aggregators,Beefy,"OUTSIDE the top 5 (#9 by TVL in Yield + Yield Aggregator: $104.2m across 40 chains, api.llama.fi/protocols, 2026-08-04). Included as the second strategy-aggregator control named in the brief.",5,Sh|Ix|Em|Up|Gp,4,0,true,not_in_60_suite,,,,PF-AM,IN-SHARE,ME-ALLOC,control:curator_or_automation,rename_split,category_level_draft,asset_management.capped_share_vault,user-supplied M4+ report; checked against locally accessible DeFiFormal roster,8ae0bbfaa3193078d1cabf6999db1382985b7f95,corpus50/lanes/lane2-perps-yield-bridges-intents.json
37,Perpetuals/derivatives; Yield/vaults/aggregators; Bridges/cross-domain; Intents/aggregation/order flow,D06,Yield / vaults / aggregators,Steakhouse Financial,"OUTSIDE the two Yield categories and OUTSIDE the top 5 as ranked, but the LARGEST vault operator in DeFi by TVL at $3,084.0m across 10 chains (DefiLlama files it under 'Risk Curators', a category holding $8.76b total; api.llama.fi/protocols, 2026-08-04). Included because excluding it would have hidden the category's real answer: the biggest 'vaults' in DeFi are curated Morpho/Euler vaults, and DefiLlama does not classify them as yield products.",8,Sh|Ix|Im|Ct|Ex|Tg|Gp|Up,4,3,true,not_in_60_suite,,,,PF-AM,IN-SHARE,ME-ALLOC,control:curator_or_automation,rename_split,category_level_draft,asset_management.capped_share_vault,user-supplied M4+ report; checked against locally accessible DeFiFormal roster,8ae0bbfaa3193078d1cabf6999db1382985b7f95,corpus50/lanes/lane2-perps-yield-bridges-intents.json
38,Perpetuals/derivatives; Yield/vaults/aggregators; Bridges/cross-domain; Intents/aggregation/order flow,D07,Bridges / cross-domain,WBTC,"#1 in DefiLlama's 'Bridge' category by TVL: $7,300.5m (api.llama.fi/protocols, 2026-08-04).",6,Xf|At|Aw|Rd|Gp|Tg,4,2,true,included,WBTC,expansion/07-bridges/specs/wbtc.json,normalized_exact,,,ME-XDOM,settlement|cross_domain_verification,convert_to_infrastructure,requires_product_level_revalidation,settlement.threshold_attested_bridge,user-supplied M4+ report; checked against locally accessible DeFiFormal roster,8ae0bbfaa3193078d1cabf6999db1382985b7f95,corpus50/lanes/lane2-perps-yield-bridges-intents.json
39,Perpetuals/derivatives; Yield/vaults/aggregators; Bridges/cross-domain; Intents/aggregation/order flow,D07,Bridges / cross-domain,LayerZero V2,"#2 in 'Bridge' by TVL: $6,666.7m across 60 chains (api.llama.fi/protocols, 2026-08-04). Largest general messaging layer.",5,Xm|Xf|Up|Gp|Tg,4,2,true,included,LayerZero V2,expansion/07-bridges/specs/layerzero-v2.json,normalized_exact,,,ME-XDOM,settlement|cross_domain_verification,convert_to_infrastructure,requires_product_level_revalidation,settlement.threshold_attested_bridge,user-supplied M4+ report; checked against locally accessible DeFiFormal roster,8ae0bbfaa3193078d1cabf6999db1382985b7f95,corpus50/lanes/lane2-perps-yield-bridges-intents.json
40,Perpetuals/derivatives; Yield/vaults/aggregators; Bridges/cross-domain; Intents/aggregation/order flow,D07,Bridges / cross-domain,Coinbase Bridge (cbBTC and other wrapped assets),"#3 in 'Bridge' by TVL: $6,150.9m, wrapping assets from Bitcoin, XRP, Doge, Cardano and Litecoin (api.llama.fi/protocols, 2026-08-04). DefiLlama description: 'Wrapped tokens backed 1:1 by assets held by Coinbase.'",6,Xf|At|Aw|Rd|Gp|Up,3,3,true,included,Coinbase Bridge (cbBTC and other wrapped assets),expansion/07-bridges/specs/coinbase-bridge.json,normalized_exact,,,ME-XDOM,settlement|cross_domain_verification,convert_to_infrastructure,requires_product_level_revalidation,settlement.threshold_attested_bridge,user-supplied M4+ report; checked against locally accessible DeFiFormal roster,8ae0bbfaa3193078d1cabf6999db1382985b7f95,corpus50/lanes/lane2-perps-yield-bridges-intents.json
41,Perpetuals/derivatives; Yield/vaults/aggregators; Bridges/cross-domain; Intents/aggregation/order flow,D07,Bridges / cross-domain,Hyperliquid Bridge,"#4 in 'Bridge' by TVL: $5,893.6m between Hyperliquid L1 and Arbitrum (api.llama.fi/protocols, 2026-08-04).",6,Xf|Xm|Vl|Wq|Gp|Bs,4,3,true,included,Hyperliquid Bridge,expansion/07-bridges/specs/hyperliquid-bridge.json,normalized_exact,,,ME-XDOM,settlement|cross_domain_verification,convert_to_infrastructure,requires_product_level_revalidation,settlement.threshold_attested_bridge,user-supplied M4+ report; checked against locally accessible DeFiFormal roster,8ae0bbfaa3193078d1cabf6999db1382985b7f95,corpus50/lanes/lane2-perps-yield-bridges-intents.json
42,Perpetuals/derivatives; Yield/vaults/aggregators; Bridges/cross-domain; Intents/aggregation/order flow,D07,Bridges / cross-domain,Binance Bitcoin (BTCB),"#5 in 'Bridge' by TVL: $4,363.3m (api.llama.fi/protocols, 2026-08-04).",5,Xf|At|Aw|Rd|Gp,2,2,true,included,Binance Bitcoin (BTCB),expansion/07-bridges/specs/binance-bitcoin-btcb.json,normalized_exact,,,ME-XDOM,settlement|cross_domain_verification,convert_to_infrastructure,requires_product_level_revalidation,settlement.threshold_attested_bridge,user-supplied M4+ report; checked against locally accessible DeFiFormal roster,8ae0bbfaa3193078d1cabf6999db1382985b7f95,corpus50/lanes/lane2-perps-yield-bridges-intents.json
43,Perpetuals/derivatives; Yield/vaults/aggregators; Bridges/cross-domain; Intents/aggregation/order flow,D07,Bridges / cross-domain,Circle CCTP,"OUTSIDE the TVL top 5 and structurally UNRANKABLE by TVL — DefiLlama reports $0.0m locked, because burn-and-mint locks nothing. Included deliberately: the brief asks whether 'Xf'/'Xm' separates CCTP from a lock-mint bridge, and a TVL-ranked list would never surface it. Circle Gateway, the related instant-liquidity product, holds $56.8m (api.llama.fi/protocols, 2026-08-04).",3,Xf|Xm|Aw,4,2,true,not_in_60_suite,,,,,,ME-XDOM,settlement|cross_domain_verification,convert_to_infrastructure,requires_product_level_revalidation,settlement.threshold_attested_bridge,user-supplied M4+ report; checked against locally accessible DeFiFormal roster,8ae0bbfaa3193078d1cabf6999db1382985b7f95,corpus50/lanes/lane2-perps-yield-bridges-intents.json
44,Perpetuals/derivatives; Yield/vaults/aggregators; Bridges/cross-domain; Intents/aggregation/order flow,D07,Bridges / cross-domain,Across,"OUTSIDE the TVL top 5 (#4 in DefiLlama's separate 'Cross Chain Bridge' category at $17.3m, api.llama.fi/protocols, 2026-08-04 — roughly 400x smaller than WBTC). Included because the brief names it and because it is the one bridge in this lane the vocabulary handles well.",8,In|Of|Oa|Pl|Sh|Ix|Xm|Xf,4,3,true,not_in_60_suite,,,,,,ME-XDOM,settlement|cross_domain_verification,convert_to_infrastructure,requires_product_level_revalidation,settlement.threshold_attested_bridge,user-supplied M4+ report; checked against locally accessible DeFiFormal roster,8ae0bbfaa3193078d1cabf6999db1382985b7f95,corpus50/lanes/lane2-perps-yield-bridges-intents.json
45,Perpetuals/derivatives; Yield/vaults/aggregators; Bridges/cross-domain; Intents/aggregation/order flow,D08,Intents / aggregation / order flow,LiquidMesh,"#1 by DEX-aggregator volume: $657.73m 24h, $5.302b 7d, $13.426b 30d across 6 chains (DefiLlama /dex-aggregators, 2026-08-04).",1,Ag,5,0,true,included,LiquidMesh,expansion/08-intents/specs/liquidmesh.json,normalized_exact,,,ME-INTENT,execution|order_flow,convert_to_mechanism,requires_product_level_revalidation,execution.bounded_solver_intent,user-supplied M4+ report; checked against locally accessible DeFiFormal roster,8ae0bbfaa3193078d1cabf6999db1382985b7f95,corpus50/lanes/lane2-perps-yield-bridges-intents.json
46,Perpetuals/derivatives; Yield/vaults/aggregators; Bridges/cross-domain; Intents/aggregation/order flow,D08,Intents / aggregation / order flow,Binance Wallet,"#2 by DEX-aggregator volume: $623.02m 24h, $5.133b 7d, $12.511b 30d across 12 chains (DefiLlama /dex-aggregators, 2026-08-04).",2,Ag|Rf,4,2,false,included,Binance Wallet,expansion/08-intents/specs/binance-wallet.json,normalized_exact,,,ME-INTENT,execution|order_flow,convert_to_mechanism,requires_product_level_revalidation,execution.bounded_solver_intent,user-supplied M4+ report; checked against locally accessible DeFiFormal roster,8ae0bbfaa3193078d1cabf6999db1382985b7f95,corpus50/lanes/lane2-perps-yield-bridges-intents.json
47,Perpetuals/derivatives; Yield/vaults/aggregators; Bridges/cross-domain; Intents/aggregation/order flow,D08,Intents / aggregation / order flow,OKX DEX,"#3 by DEX-aggregator volume: $461.89m 24h, $1.876b 7d, $6.785b 30d across 35 chains (DefiLlama /dex-aggregators, 2026-08-04).",2,Ag|Rf,3,2,false,included,OKX DEX,expansion/08-intents/specs/okx-dex.json,normalized_exact,,,ME-INTENT,execution|order_flow,convert_to_mechanism,requires_product_level_revalidation,execution.bounded_solver_intent,user-supplied M4+ report; checked against locally accessible DeFiFormal roster,8ae0bbfaa3193078d1cabf6999db1382985b7f95,corpus50/lanes/lane2-perps-yield-bridges-intents.json
48,Perpetuals/derivatives; Yield/vaults/aggregators; Bridges/cross-domain; Intents/aggregation/order flow,D08,Intents / aggregation / order flow,Jupiter,"#4 by DEX-aggregator volume: $371.99m 24h, $2.685b 7d, $15.163b 30d on Solana (DefiLlama /dex-aggregators, 2026-08-04). Highest 30d volume in the category.",3,Ag|Rf|In,4,1,true,included,Jupiter,expansion/08-intents/specs/jupiter.json,normalized_exact,,,ME-INTENT,execution|order_flow,convert_to_mechanism,requires_product_level_revalidation,execution.bounded_solver_intent,user-supplied M4+ report; checked against locally accessible DeFiFormal roster,8ae0bbfaa3193078d1cabf6999db1382985b7f95,corpus50/lanes/lane2-perps-yield-bridges-intents.json
49,Perpetuals/derivatives; Yield/vaults/aggregators; Bridges/cross-domain; Intents/aggregation/order flow,D08,Intents / aggregation / order flow,KyberSwap,"#5 by DEX-aggregator volume: $206.22m 24h, $1.333b 7d, $5.367b 30d across 24 chains (DefiLlama /dex-aggregators, 2026-08-04).",1,Ag,3,0,true,included,KyberSwap,expansion/08-intents/specs/kyberswap.json,normalized_exact,,,ME-INTENT,execution|order_flow,convert_to_mechanism,requires_product_level_revalidation,execution.bounded_solver_intent,user-supplied M4+ report; checked against locally accessible DeFiFormal roster,8ae0bbfaa3193078d1cabf6999db1382985b7f95,corpus50/lanes/lane2-perps-yield-bridges-intents.json
50,Perpetuals/derivatives; Yield/vaults/aggregators; Bridges/cross-domain; Intents/aggregation/order flow,D08,Intents / aggregation / order flow,DFlow,"OUTSIDE the top 5 (#6 by DEX-aggregator volume: $171.87m 24h, $876.84m 7d, $3.55b 30d on Solana, DefiLlama /dex-aggregators, 2026-08-04). Included because it is the only protocol in the category whose explicit product is the SALE of order flow, which is the gap the top three reveal.",3,Ag|Rf|Aw,4,1,true,not_in_60_suite,,,,,,ME-INTENT,execution|order_flow,convert_to_mechanism,requires_product_level_revalidation,execution.bounded_solver_intent,user-supplied M4+ report; checked against locally accessible DeFiFormal roster,8ae0bbfaa3193078d1cabf6999db1382985b7f95,corpus50/lanes/lane2-perps-yield-bridges-intents.json
51,Perpetuals/derivatives; Yield/vaults/aggregators; Bridges/cross-domain; Intents/aggregation/order flow,D08,Intents / aggregation / order flow,1inch,"OUTSIDE the top 5 (#8 by DEX-aggregator volume: $83.23m 24h, $614.54m 7d, $2.388b 30d across 14 chains, DefiLlama /dex-aggregators, 2026-08-04). Included because the brief names it as a canonical intent system.",3,Ag|In|Rf,4,3,true,not_in_60_suite,,,,,,ME-INTENT,execution|order_flow,convert_to_mechanism,requires_product_level_revalidation,execution.bounded_solver_intent,user-supplied M4+ report; checked against locally accessible DeFiFormal roster,8ae0bbfaa3193078d1cabf6999db1382985b7f95,corpus50/lanes/lane2-perps-yield-bridges-intents.json
52,Perpetuals/derivatives; Yield/vaults/aggregators; Bridges/cross-domain; Intents/aggregation/order flow,D08,Intents / aggregation / order flow,CoW Swap,"OUTSIDE the top 5 (#9 by DEX-aggregator volume: $58.51m 24h, $597.65m 7d, $2.479b 30d across 8 chains, DefiLlama /dex-aggregators, 2026-08-04). Included because the brief names it and because it is the only true batch-auction system in the category.",7,Ba|In|Ag|Rf|Fl|Bs|Em,4,2,true,not_in_60_suite,,,,,,ME-INTENT,execution|order_flow,convert_to_mechanism,requires_product_level_revalidation,execution.bounded_solver_intent,user-supplied M4+ report; checked against locally accessible DeFiFormal roster,8ae0bbfaa3193078d1cabf6999db1382985b7f95,corpus50/lanes/lane2-perps-yield-bridges-intents.json
53,RWA / tokenised treasuries & private credit; Options / structured products; Reserve-backed (fiat) stablecoin issuers; Prediction markets & other,D09,RWA / tokenised treasuries & private credit,Ondo Finance (USDY + OUSG + Global Markets),"DefiLlama parent#ondo-finance $3.47B TVL 2026-08-04 (Ondo Yield Assets $2.53B + Ondo Global Markets $0.95B); rwa.xyz lists USDY alone at $2.15B, #3 tokenized treasury",14,Aw|Sh|Ix|Rb|Tr|At|Ex|Rd|Fz|Xf|Xm|Up|Gp|Tg,7,3,true,included,Ondo Finance (USDY + OUSG + Global Markets),expansion/09-rwa/specs/ondo-finance.json,normalized_exact,,,,reference_asset:offchain|legal|custody|identity,convert_to_facets,requires_product_level_revalidation,capital.tokenized_asset_subscription,user-supplied M4+ report; checked against locally accessible DeFiFormal roster,8ae0bbfaa3193078d1cabf6999db1382985b7f95,corpus50/lanes/lane3-rwa-options-stables-prediction.json
54,RWA / tokenised treasuries & private credit; Options / structured products; Reserve-backed (fiat) stablecoin issuers; Prediction markets & other,D09,RWA / tokenised treasuries & private credit,Circle USYC (Hashnote International Short Duration Yield Fund Ltd.),"rwa.xyz $3.01B, #1 tokenized treasury 2026-08-04; DefiLlama RWA $3.005B; DefiLlama stablecoins $3.005B circulating",8,Aw|Sh|At|Ex|Rd|Fz|Up|Gp,7,3,true,included,Circle USYC (Hashnote),expansion/09-rwa/specs/circle-usyc.json,explicit_alias,,,,reference_asset:offchain|legal|custody|identity,convert_to_facets,requires_product_level_revalidation,capital.tokenized_asset_subscription,user-supplied M4+ report; checked against locally accessible DeFiFormal roster,8ae0bbfaa3193078d1cabf6999db1382985b7f95,corpus50/lanes/lane3-rwa-options-stables-prediction.json
55,RWA / tokenised treasuries & private credit; Options / structured products; Reserve-backed (fiat) stablecoin issuers; Prediction markets & other,D09,RWA / tokenised treasuries & private credit,"BlackRock BUIDL (BlackRock USD Institutional Digital Liquidity Fund, via Securitize)","rwa.xyz $2.67B, #2 tokenized treasury 2026-08-04; DefiLlama stablecoins $2.687B; DefiLlama's RWA row shows $3.49B (adapter counts wrapped/feeder positions — discrepancy noted, rwa.xyz used)",10,Aw|Sh|At|Rd|Ps|Fz|Xf|Xm|Up|Gp,8,3,true,included,BlackRock BUIDL (via Securitize),expansion/09-rwa/specs/blackrock-buidl.json,explicit_alias,,,,reference_asset:offchain|legal|custody|identity,convert_to_facets,requires_product_level_revalidation,capital.tokenized_asset_subscription,user-supplied M4+ report; checked against locally accessible DeFiFormal roster,8ae0bbfaa3193078d1cabf6999db1382985b7f95,corpus50/lanes/lane3-rwa-options-stables-prediction.json
56,RWA / tokenised treasuries & private credit; Options / structured products; Reserve-backed (fiat) stablecoin issuers; Prediction markets & other,D09,RWA / tokenised treasuries & private credit,Maple Finance (syrupUSDC / syrupUSDT + institutional pools),DefiLlama $2.263B TVL 2026-08-04 (categorized 'Lending'; largest on-chain private-credit venue by a wide margin — DefiLlama's own 'RWA Lending' category tops out at Aave Horizon $257M),13,Aw|Pl|Sh|Ct|Ft|Sv|Wq|Bs|Em|Fd|Up|Gp|Tg,7,4,true,included,Maple Finance (syrupUSDC / institutional pools),expansion/09-rwa/specs/maple-finance.json,explicit_alias,,,,reference_asset:offchain|legal|custody|identity,convert_to_facets,requires_product_level_revalidation,capital.tokenized_asset_subscription,user-supplied M4+ report; checked against locally accessible DeFiFormal roster,8ae0bbfaa3193078d1cabf6999db1382985b7f95,corpus50/lanes/lane3-rwa-options-stables-prediction.json
57,RWA / tokenised treasuries & private credit; Options / structured products; Reserve-backed (fiat) stablecoin issuers; Prediction markets & other,D09,RWA / tokenised treasuries & private credit,Centrifuge (Centrifuge Protocol V3),DefiLlama parent#centrifuge $1.629B TVL 2026-08-04 (largest tokenization protocol not operated by a single asset manager),13,Aw|Sh|Tr|At|Ex|Ep|Wq|Sv|Xm|Xf|Up|Gp|Tg,6,3,true,included,Centrifuge (Centrifuge Protocol V3),expansion/09-rwa/specs/centrifuge.json,normalized_exact,,,,reference_asset:offchain|legal|custody|identity,convert_to_facets,requires_product_level_revalidation,capital.tokenized_asset_subscription,user-supplied M4+ report; checked against locally accessible DeFiFormal roster,8ae0bbfaa3193078d1cabf6999db1382985b7f95,corpus50/lanes/lane3-rwa-options-stables-prediction.json
58,RWA / tokenised treasuries & private credit; Options / structured products; Reserve-backed (fiat) stablecoin issuers; Prediction markets & other,D10,Options / structured products,Derive (formerly Lyra V2),"DefiLlama options $31.19M notional/30d 2026-08-04 — 87% of the entire on-chain options category ($35.70M/30d total). Reported ~$294M weekly volume and >$1B OI in March 2026 on its own dashboards; the gap indicates DefiLlama undercounts, noted.",14,Ob|Rf|Op|Pf|Ct|Li|Bs|Sh|Xf|Xm|Ex|Em|Up|Gp,6,3,false,included,Derive (formerly Lyra V2),expansion/10-options/specs/derive.json,normalized_exact,PF-EXCH|PF-AM,IN-DERIV:option_or_structured,,,merge_split_by_product,requires_product_level_revalidation,derivative.european_option,user-supplied M4+ report; checked against locally accessible DeFiFormal roster,8ae0bbfaa3193078d1cabf6999db1382985b7f95,corpus50/lanes/lane3-rwa-options-stables-prediction.json
59,RWA / tokenised treasuries & private credit; Options / structured products; Reserve-backed (fiat) stablecoin issuers; Prediction markets & other,D10,Options / structured products,Rysk V12,DefiLlama $29.86M TVL 2026-08-04 — largest options-vault TVL by 8.7x; $1.21M notional/30d (#3 by volume),10,Sh|Op|Dp|Ep|Wq|Ct|Ex|Em|Up|Gp,5,2,true,included,Rysk V12,expansion/10-options/specs/rysk-v12.json,normalized_exact,PF-EXCH|PF-AM,IN-DERIV:option_or_structured,,,merge_split_by_product,requires_product_level_revalidation,derivative.european_option,user-supplied M4+ report; checked against locally accessible DeFiFormal roster,8ae0bbfaa3193078d1cabf6999db1382985b7f95,corpus50/lanes/lane3-rwa-options-stables-prediction.json
60,RWA / tokenised treasuries & private credit; Options / structured products; Reserve-backed (fiat) stablecoin issuers; Prediction markets & other,D10,Options / structured products,Hegic,"DefiLlama $9.00M TVL 2026-08-04 — largest TVL in the pure 'Options' category; $0.01M notional/30d (functionally dormant by volume, noted)",5,Op|Sh|Ex|Up|Gp,5,2,true,included,Hegic,expansion/10-options/specs/hegic.json,normalized_exact,PF-EXCH|PF-AM,IN-DERIV:option_or_structured,,,merge_split_by_product,requires_product_level_revalidation,derivative.european_option,user-supplied M4+ report; checked against locally accessible DeFiFormal roster,8ae0bbfaa3193078d1cabf6999db1382985b7f95,corpus50/lanes/lane3-rwa-options-stables-prediction.json
61,RWA / tokenised treasuries & private credit; Options / structured products; Reserve-backed (fiat) stablecoin issuers; Prediction markets & other,D10,Options / structured products,Aevo (Ribbon Finance lineage),DefiLlama options $1.65M notional/30d 2026-08-04 (#2 by options volume),12,Ob|Op|Pf|Ct|Li|Sh|Xf|Xm|Ex|Em|Up|Gp,3,2,false,included,Aevo (Ribbon Finance lineage),expansion/10-options/specs/aevo.json,normalized_exact,PF-EXCH|PF-AM,IN-DERIV:option_or_structured,,,merge_split_by_product,requires_product_level_revalidation,derivative.european_option,user-supplied M4+ report; checked against locally accessible DeFiFormal roster,8ae0bbfaa3193078d1cabf6999db1382985b7f95,corpus50/lanes/lane3-rwa-options-stables-prediction.json
62,RWA / tokenised treasuries & private credit; Options / structured products; Reserve-backed (fiat) stablecoin issuers; Prediction markets & other,D10,Options / structured products,Panoptic V2,DefiLlama $2.05M TVL 2026-08-04 (#3 in the 'Options' category by TVL),9,Cl|Op|Sr|Pl|Ct|Li|Sh|Up|Gp,4,2,true,included,Panoptic V2,expansion/10-options/specs/panoptic-v2.json,normalized_exact,PF-EXCH|PF-AM,IN-DERIV:option_or_structured,,,merge_split_by_product,requires_product_level_revalidation,derivative.european_option,user-supplied M4+ report; checked against locally accessible DeFiFormal roster,8ae0bbfaa3193078d1cabf6999db1382985b7f95,corpus50/lanes/lane3-rwa-options-stables-prediction.json
63,RWA / tokenised treasuries & private credit; Options / structured products; Reserve-backed (fiat) stablecoin issuers; Prediction markets & other,D11,Reserve-backed / fiat stablecoin issuers,Tether USDT,"DefiLlama stablecoins $183.04B circulating 2026-08-04 (#1, 2.5x the #2)",5,Ps|Rd|At|Fz|Up,8,3,false,included,Tether USDT,expansion/11-fiat-stablecoins/specs/tether-usdt.json,normalized_exact,PF-MONEY,IN-MONEY:reserve_backed,ME-ISSUE,custody|legal|reserve,convert_to_subtype_facets,category_level_draft,money.reserve_attested_stablecoin,user-supplied M4+ report; checked against locally accessible DeFiFormal roster,8ae0bbfaa3193078d1cabf6999db1382985b7f95,corpus50/lanes/lane3-rwa-options-stables-prediction.json
64,RWA / tokenised treasuries & private credit; Options / structured products; Reserve-backed (fiat) stablecoin issuers; Prediction markets & other,D11,Reserve-backed / fiat stablecoin issuers,Circle USDC,DefiLlama stablecoins $72.20B circulating 2026-08-04 (#2),9,Ps|Rd|At|Fz|Aw|Xm|Xf|Up|Gp,5,3,false,included,Circle USDC,expansion/11-fiat-stablecoins/specs/circle-usdc.json,normalized_exact,PF-MONEY,IN-MONEY:reserve_backed,ME-ISSUE,custody|legal|reserve,convert_to_subtype_facets,category_level_draft,money.reserve_attested_stablecoin,user-supplied M4+ report; checked against locally accessible DeFiFormal roster,8ae0bbfaa3193078d1cabf6999db1382985b7f95,corpus50/lanes/lane3-rwa-options-stables-prediction.json
65,RWA / tokenised treasuries & private credit; Options / structured products; Reserve-backed (fiat) stablecoin issuers; Prediction markets & other,D11,Reserve-backed / fiat stablecoin issuers,World Liberty Financial USD1,DefiLlama stablecoins $4.00B circulating 2026-08-04 (#3 among fiat-backed; #5 among all stablecoins),5,Ps|Rd|At|Fz|Up,4,3,false,included,World Liberty Financial USD1,expansion/11-fiat-stablecoins/specs/world-liberty-financial-usd1.json,normalized_exact,PF-MONEY,IN-MONEY:reserve_backed,ME-ISSUE,custody|legal|reserve,convert_to_subtype_facets,category_level_draft,money.reserve_attested_stablecoin,user-supplied M4+ report; checked against locally accessible DeFiFormal roster,8ae0bbfaa3193078d1cabf6999db1382985b7f95,corpus50/lanes/lane3-rwa-options-stables-prediction.json
66,RWA / tokenised treasuries & private credit; Options / structured products; Reserve-backed (fiat) stablecoin issuers; Prediction markets & other,D11,Reserve-backed / fiat stablecoin issuers,Global Dollar USDG (Paxos / Global Dollar Network),DefiLlama stablecoins $3.42B circulating 2026-08-04 (#4 among fiat-backed),6,Ps|Rd|At|Fz|Fd|Up,4,3,false,included,Global Dollar USDG (Paxos),expansion/11-fiat-stablecoins/specs/global-dollar-usdg-paxos.json,explicit_alias,PF-MONEY,IN-MONEY:reserve_backed,ME-ISSUE,custody|legal|reserve,convert_to_subtype_facets,category_level_draft,money.reserve_attested_stablecoin,user-supplied M4+ report; checked against locally accessible DeFiFormal roster,8ae0bbfaa3193078d1cabf6999db1382985b7f95,corpus50/lanes/lane3-rwa-options-stables-prediction.json
67,RWA / tokenised treasuries & private credit; Options / structured products; Reserve-backed (fiat) stablecoin issuers; Prediction markets & other,D11,Reserve-backed / fiat stablecoin issuers,PayPal USD (PYUSD),DefiLlama stablecoins $2.68B circulating 2026-08-04 (#5 among fiat-backed),7,Ps|Rd|At|Fz|Xm|Xf|Up,4,3,false,included,PayPal USD (PYUSD),expansion/11-fiat-stablecoins/specs/paypal-usd-pyusd.json,normalized_exact,PF-MONEY,IN-MONEY:reserve_backed,ME-ISSUE,custody|legal|reserve,convert_to_subtype_facets,category_level_draft,money.reserve_attested_stablecoin,user-supplied M4+ report; checked against locally accessible DeFiFormal roster,8ae0bbfaa3193078d1cabf6999db1382985b7f95,corpus50/lanes/lane3-rwa-options-stables-prediction.json
68,RWA / tokenised treasuries & private credit; Options / structured products; Reserve-backed (fiat) stablecoin issuers; Prediction markets & other,D12,Prediction markets & other (uncategorized large protocols),Kalshi,"DefiLlama $10.89B volume/30d 2026-08-04 — #1 prediction market by 3.5x, and larger by volume than any other protocol in my entire lane except the stablecoins",3,Aw|Rd|Ct,6,3,false,included,Kalshi,expansion/12-prediction/specs/kalshi.json,normalized_exact,PF-EXCH,IN-DERIV:event_contingent,ME-COND,oracle_or_rulebook|resolution,split_remove_other,protocol_level_split_reproduced,derivative.event_contingent_market,user-supplied M4+ report; checked against locally accessible DeFiFormal roster,8ae0bbfaa3193078d1cabf6999db1382985b7f95,corpus50/lanes/lane3-rwa-options-stables-prediction.json
69,RWA / tokenised treasuries & private credit; Options / structured products; Reserve-backed (fiat) stablecoin issuers; Prediction markets & other,D12,Prediction markets & other (uncategorized large protocols),Polymarket,"DefiLlama $3.14B volume/30d and $330.8M TVL 2026-08-04 — #1 on-chain prediction market, ~85% of on-chain prediction-market TVL",8,Ob|Oa|Rd|Au|Gs|Aw|Up|Gp,6,4,true,included,Polymarket,expansion/12-prediction/specs/polymarket.json,normalized_exact,PF-EXCH,IN-DERIV:event_contingent,ME-COND,oracle_or_rulebook|resolution,split_remove_other,protocol_level_split_reproduced,derivative.event_contingent_market,user-supplied M4+ report; checked against locally accessible DeFiFormal roster,8ae0bbfaa3193078d1cabf6999db1382985b7f95,corpus50/lanes/lane3-rwa-options-stables-prediction.json
70,RWA / tokenised treasuries & private credit; Options / structured products; Reserve-backed (fiat) stablecoin issuers; Prediction markets & other,D12,Prediction markets & other (uncategorized large protocols),Azuro,DefiLlama $1.59M TVL 2026-08-04 — largest peer-to-pool (non-order-book) prediction/betting protocol; architecturally distinct from the Polymarket clones above it by volume,8,Sh|Rl|Ex|Sv|Rd|Em|Up|Gp,4,3,true,included,Azuro,expansion/12-prediction/specs/azuro.json,normalized_exact,PF-EXCH,IN-DERIV:event_contingent,ME-COND,oracle_or_rulebook|resolution,split_remove_other,protocol_level_split_reproduced,derivative.event_contingent_market,user-supplied M4+ report; checked against locally accessible DeFiFormal roster,8ae0bbfaa3193078d1cabf6999db1382985b7f95,corpus50/lanes/lane3-rwa-options-stables-prediction.json
71,RWA / tokenised treasuries & private credit; Options / structured products; Reserve-backed (fiat) stablecoin issuers; Prediction markets & other,D12,Prediction markets & other (uncategorized large protocols),Steakhouse Financial (Risk Curators),"DefiLlama $3.08B TVL 2026-08-04 — #1 in the 'Risk Curators' category ($8.76B total, DefiLlama's #9 category overall). Included as a large protocol that fits no conventional DeFi category.",7,Sh|Im|Ct|Wq|Tg|Gp|Fd,5,3,true,included,Steakhouse Financial (Risk Curators),expansion/12-prediction/specs/steakhouse-financial.json,normalized_exact,PF-AM,IN-SHARE,ME-ALLOC,control:delegated_curator,split_remove_other,protocol_level_split_reproduced,asset_management.delegated_curator_vault,user-supplied M4+ report; checked against locally accessible DeFiFormal roster,8ae0bbfaa3193078d1cabf6999db1382985b7f95,corpus50/lanes/lane3-rwa-options-stables-prediction.json
72,RWA / tokenised treasuries & private credit; Options / structured products; Reserve-backed (fiat) stablecoin issuers; Prediction markets & other,D12,Prediction markets & other (uncategorized large protocols),Grove Finance (Onchain Capital Allocator),"DefiLlama $2.43B TVL 2026-08-04 — #1 in the 'Onchain Capital Allocator' category ($7.74B total, DefiLlama's #12 category). Included as a large protocol that fits no conventional DeFi category.",6,Sh|Aw|At|Xf|Tg|Gp,4,2,true,included,Grove Finance (Onchain Capital Allocator),expansion/12-prediction/specs/grove-finance.json,normalized_exact,PF-AM,IN-SHARE,ME-ALLOC,control:delegated_curator,split_remove_other,protocol_level_split_reproduced,asset_management.delegated_curator_vault,user-supplied M4+ report; checked against locally accessible DeFiFormal roster,8ae0bbfaa3193078d1cabf6999db1382985b7f95,corpus50/lanes/lane3-rwa-options-stables-prediction.json
