legacy_id,construction_category,application,spec_file,verdict_file,verdict,construction_size,obligations_total,obligations_covered,obligations_residue
D01,01-spot-exchange,Curve,expansion/01-spot-exchange/specs/curve.json,expansion/01-spot-exchange/verdicts.json,PARTIAL,8,22,8,14
D01,01-spot-exchange,Fluid,expansion/01-spot-exchange/specs/fluid.json,expansion/01-spot-exchange/verdicts.json,PARTIAL,11,22,11,11
D01,01-spot-exchange,PancakeSwap,expansion/01-spot-exchange/specs/pancakeswap.json,expansion/01-spot-exchange/verdicts.json,PARTIAL,8,22,9,13
D01,01-spot-exchange,Raydium,expansion/01-spot-exchange/specs/raydium.json,expansion/01-spot-exchange/verdicts.json,PARTIAL,8,22,8,14
D01,01-spot-exchange,Uniswap,expansion/01-spot-exchange/specs/uniswap.json,expansion/01-spot-exchange/verdicts.json,INADMISSIBLE,8,22,10,12
D02,02-lending,Aave V3,expansion/02-lending/specs/aave-v3.json,expansion/02-lending/verdicts.json,PARTIAL,13,23,12,11
D02,02-lending,JustLend V1,expansion/02-lending/specs/justlend-v1.json,expansion/02-lending/verdicts.json,PARTIAL,10,18,10,8
D02,02-lending,Maple,expansion/02-lending/specs/maple.json,expansion/02-lending/verdicts.json,INADMISSIBLE,13,23,10,13
D02,02-lending,Morpho,expansion/02-lending/specs/morpho.json,expansion/02-lending/verdicts.json,PARTIAL,12,24,11,13
D02,02-lending,SparkLend,expansion/02-lending/specs/sparklend.json,expansion/02-lending/verdicts.json,PARTIAL,11,24,8,16
D03,03-cdp-stablecoins,Ethena (USDe / sUSDe),expansion/03-cdp-stablecoins/specs/ethena.json,expansion/03-cdp-stablecoins/verdicts.json,PARTIAL,15,22,13,9
D03,03-cdp-stablecoins,Liquity (V1 + V2),expansion/03-cdp-stablecoins/specs/liquity.json,expansion/03-cdp-stablecoins/verdicts.json,PARTIAL,10,22,9,13
D03,03-cdp-stablecoins,Lista CDP,expansion/03-cdp-stablecoins/specs/lista-cdp.json,expansion/03-cdp-stablecoins/verdicts.json,PARTIAL,11,20,12,8
D03,03-cdp-stablecoins,"Sky (Sky Lending, ex-MakerDAO)",expansion/03-cdp-stablecoins/specs/sky.json,expansion/03-cdp-stablecoins/verdicts.json,INADMISSIBLE,16,24,15,9
D03,03-cdp-stablecoins,USDD,expansion/03-cdp-stablecoins/specs/usdd.json,expansion/03-cdp-stablecoins/verdicts.json,PARTIAL,9,17,9,8
D04,04-liquid-staking,Babylon Protocol,expansion/04-liquid-staking/specs/babylon-protocol.json,expansion/04-liquid-staking/verdicts.json,PARTIAL,9,22,11,11
D04,04-liquid-staking,Binance staked ETH (WBETH),expansion/04-liquid-staking/specs/binance-staked-eth-wbeth.json,expansion/04-liquid-staking/verdicts.json,PARTIAL,6,16,7,9
D04,04-liquid-staking,EigenCloud (EigenLayer),expansion/04-liquid-staking/specs/eigencloud-eigenlayer.json,expansion/04-liquid-staking/verdicts.json,PARTIAL,11,21,12,9
D04,04-liquid-staking,ether.fi (eETH / weETH),expansion/04-liquid-staking/specs/etherfi-eeth-weeth.json,expansion/04-liquid-staking/verdicts.json,PARTIAL,15,25,14,11
D04,04-liquid-staking,Lido,expansion/04-liquid-staking/specs/lido.json,expansion/04-liquid-staking/verdicts.json,PARTIAL,16,24,16,8
D05,05-perpetuals,ApeX Protocol (ApeX Omni),expansion/05-perpetuals/specs/apex-protocol.json,expansion/05-perpetuals/verdicts.json,PARTIAL,11,22,12,10
D05,05-perpetuals,Aster,expansion/05-perpetuals/specs/aster.json,expansion/05-perpetuals/verdicts.json,PARTIAL,16,26,15,11
D05,05-perpetuals,edgeX,expansion/05-perpetuals/specs/edgex.json,expansion/05-perpetuals/verdicts.json,INADMISSIBLE,7,18,9,9
D05,05-perpetuals,Hyperliquid,expansion/05-perpetuals/specs/hyperliquid.json,expansion/05-perpetuals/verdicts.json,PARTIAL,15,25,15,10
D05,05-perpetuals,Lighter,expansion/05-perpetuals/specs/lighter.json,expansion/05-perpetuals/verdicts.json,PARTIAL,18,24,17,7
D06,06-yield-vaults,CIAN Yield Layer,expansion/06-yield-vaults/specs/cian-yield-layer.json,expansion/06-yield-vaults/verdicts.json,PARTIAL,9,19,9,10
D06,06-yield-vaults,Convex Finance,expansion/06-yield-vaults/specs/convex-finance.json,expansion/06-yield-vaults/verdicts.json,PARTIAL,8,18,8,10
D06,06-yield-vaults,Huma Finance V2,expansion/06-yield-vaults/specs/huma-finance-v2.json,expansion/06-yield-vaults/verdicts.json,INADMISSIBLE,11,24,12,12
D06,06-yield-vaults,Pendle,expansion/06-yield-vaults/specs/pendle.json,expansion/06-yield-vaults/verdicts.json,PARTIAL,11,21,11,10
D06,06-yield-vaults,Spark Savings (sUSDS / Sky Savings Rate),expansion/06-yield-vaults/specs/spark-savings.json,expansion/06-yield-vaults/verdicts.json,PARTIAL,12,21,12,9
D07,07-bridges,Binance Bitcoin (BTCB),expansion/07-bridges/specs/binance-bitcoin-btcb.json,expansion/07-bridges/verdicts.json,INADMISSIBLE,2,15,2,13
D07,07-bridges,Coinbase Bridge (cbBTC and other wrapped assets),expansion/07-bridges/specs/coinbase-bridge.json,expansion/07-bridges/verdicts.json,PARTIAL,6,18,6,12
D07,07-bridges,Hyperliquid Bridge,expansion/07-bridges/specs/hyperliquid-bridge.json,expansion/07-bridges/verdicts.json,INADMISSIBLE,6,19,7,12
D07,07-bridges,LayerZero V2,expansion/07-bridges/specs/layerzero-v2.json,expansion/07-bridges/verdicts.json,PARTIAL,4,18,6,12
D07,07-bridges,WBTC,expansion/07-bridges/specs/wbtc.json,expansion/07-bridges/verdicts.json,INADMISSIBLE,4,19,4,15
D08,08-intents,Binance Wallet,expansion/08-intents/specs/binance-wallet.json,expansion/08-intents/verdicts.json,PARTIAL,3,19,3,16
D08,08-intents,Jupiter,expansion/08-intents/specs/jupiter.json,expansion/08-intents/verdicts.json,INADMISSIBLE,4,20,4,16
D08,08-intents,KyberSwap,expansion/08-intents/specs/kyberswap.json,expansion/08-intents/verdicts.json,PARTIAL,7,20,6,14
D08,08-intents,LiquidMesh,expansion/08-intents/specs/liquidmesh.json,expansion/08-intents/verdicts.json,PARTIAL,4,20,6,14
D08,08-intents,OKX DEX,expansion/08-intents/specs/okx-dex.json,expansion/08-intents/verdicts.json,INADMISSIBLE,7,19,7,12
D09,09-rwa,BlackRock BUIDL (via Securitize),expansion/09-rwa/specs/blackrock-buidl.json,expansion/09-rwa/verdicts.json,PARTIAL,6,19,6,13
D09,09-rwa,Centrifuge (Centrifuge Protocol V3),expansion/09-rwa/specs/centrifuge.json,expansion/09-rwa/verdicts.json,PARTIAL,13,22,11,11
D09,09-rwa,Circle USYC (Hashnote),expansion/09-rwa/specs/circle-usyc.json,expansion/09-rwa/verdicts.json,PARTIAL,11,20,9,11
D09,09-rwa,Maple Finance (syrupUSDC / institutional pools),expansion/09-rwa/specs/maple-finance.json,expansion/09-rwa/verdicts.json,INADMISSIBLE,14,22,10,12
D09,09-rwa,Ondo Finance (USDY + OUSG + Global Markets),expansion/09-rwa/specs/ondo-finance.json,expansion/09-rwa/verdicts.json,PARTIAL,16,23,13,10
D10,10-options,Aevo (Ribbon Finance lineage),expansion/10-options/specs/aevo.json,expansion/10-options/verdicts.json,PARTIAL,11,21,10,11
D10,10-options,Derive (formerly Lyra V2),expansion/10-options/specs/derive.json,expansion/10-options/verdicts.json,PARTIAL,14,22,12,10
D10,10-options,Hegic,expansion/10-options/specs/hegic.json,expansion/10-options/verdicts.json,INADMISSIBLE,7,15,7,8
D10,10-options,Panoptic V2,expansion/10-options/specs/panoptic-v2.json,expansion/10-options/verdicts.json,PARTIAL,12,23,13,10
D10,10-options,Rysk V12,expansion/10-options/specs/rysk-v12.json,expansion/10-options/verdicts.json,INADMISSIBLE,10,20,8,12
D11,11-fiat-stablecoins,Circle USDC,expansion/11-fiat-stablecoins/specs/circle-usdc.json,expansion/11-fiat-stablecoins/verdicts.json,PARTIAL,9,24,9,15
D11,11-fiat-stablecoins,Global Dollar USDG (Paxos),expansion/11-fiat-stablecoins/specs/global-dollar-usdg-paxos.json,expansion/11-fiat-stablecoins/verdicts.json,PARTIAL,11,23,10,13
D11,11-fiat-stablecoins,PayPal USD (PYUSD),expansion/11-fiat-stablecoins/specs/paypal-usd-pyusd.json,expansion/11-fiat-stablecoins/verdicts.json,PARTIAL,7,22,8,14
D11,11-fiat-stablecoins,Tether USDT,expansion/11-fiat-stablecoins/specs/tether-usdt.json,expansion/11-fiat-stablecoins/verdicts.json,PARTIAL,6,22,6,16
D11,11-fiat-stablecoins,World Liberty Financial USD1,expansion/11-fiat-stablecoins/specs/world-liberty-financial-usd1.json,expansion/11-fiat-stablecoins/verdicts.json,PARTIAL,9,23,9,14
D12,12-prediction,Azuro,expansion/12-prediction/specs/azuro.json,expansion/12-prediction/verdicts.json,PARTIAL,8,19,7,12
D12,12-prediction,Grove Finance (Onchain Capital Allocator),expansion/12-prediction/specs/grove-finance.json,expansion/12-prediction/verdicts.json,PARTIAL,9,20,8,12
D12,12-prediction,Kalshi,expansion/12-prediction/specs/kalshi.json,expansion/12-prediction/verdicts.json,INADMISSIBLE,9,22,9,13
D12,12-prediction,Polymarket,expansion/12-prediction/specs/polymarket.json,expansion/12-prediction/verdicts.json,PARTIAL,11,20,12,8
D12,12-prediction,Steakhouse Financial (Risk Curators),expansion/12-prediction/specs/steakhouse-financial.json,expansion/12-prediction/verdicts.json,INADMISSIBLE,7,17,7,10
