kind,id,title,status,evidence,disposition
workstream,W1,"Evidence and repository reconstruction",implemented,"evidence/source-inventory.csv; evidence/repository-locks-2026-09-02.tsv","Substantial primary corpus is pinned; moving sources still require refresh at decision time."
workstream,W2,"Taxonomy completeness and validity",reproduced,"evidence/defiformal-taxonomy-metrics-2026-09-02.json; wiki/defiformal-taxonomy.md","Core metrics are reproduced; genuine independent raters and temporal validation remain open."
workstream,W3,"DeFiFormal algebra and obligation audit",reproduced,"evidence/defiformal-composition-rates-2026-09-02.json; evidence/defiformal-corpus-reconstruction-2026-09-02.json","Counts and composition rates are reproduced; the 689 residues still need row-level semantic coding."
workstream,W4,"Marlowe capability and proof map",implemented,"wiki/marlowe-baseline.md; wiki/formal-assurance.md","V1 semantics and proof gaps are mapped; the complete 72-row capability matrix remains open."
workstream,W5,"Moriarty semantic architecture",implemented,"wiki/moriarty-architecture.md; experiments/moriarty-core-swap/translation-certificate.json","The E00 subset is executable; the full typed surface and accepted semantic motions remain open."
workstream,W6,"Seven family applications and 72-row coverage",specified-only,"deliverables/moriarty-defiformal-category-strawmen.md; evidence/defiformal-72-protocol-family-facet-crosswalk-2026-09-02.csv","Strawmen and taxonomy flags exist; seven generated applications and 72 reviewed manifests do not."
workstream,W7,"Compact ZKIR and Midnight backend",implemented,"experiments/moriarty-core-swap/toolchain-results.json; wiki/midnight-repositories.md","Escrow and swap compile; real proofs network execution fees and upgrade testing remain open."
workstream,W8,"SDK Runtime wallet and deployment kernel",specified-only,"wiki/moriarty-architecture.md; wiki/security.md","Architecture exists; no client verifier Runtime or deployment implementation exists."
workstream,W9,"Formal assurance and conformance",specified-only,"wiki/formal-assurance.md; experiments/moriarty-core-swap/translation-certificate.json","Differential evidence exists; no normative proof environment or mechanized Core proof is selected."
workstream,W10,"Security and economic threat model",implemented,"wiki/security.md","The threat boundary is drafted; adversarial experiments and an independent audit remain open."
workstream,W11,"Migration governance maintenance and adoption",specified-only,"deliverables/moriarty-decision-study-2026-09-02.md; deliverables/moriarty-90-day-research-sprint-2026-09-03.md","Plans exist; migration rehearsal maintainer commitments and pilots do not."
workstream,W12,"Decision and red team",implemented,"wiki/decision.md; deliverables/moriarty-agentic-council-record-2026-09-03.md","A gated recommendation and council record exist; the day-90 decision remains open."
experiment,E00,"Compact-generation stop test",reproduced,"experiments/moriarty-core-swap/translation-certificate.json; experiments/moriarty-core-swap/toolchain-results.json","Reviewed 1000-trace predicate passed across all required cells; deadlines 1 through 3 and reversed party order pass regressions; real proof and release-scale gates remain open."
experiment,E01,"Reproduce corpus and obligation counts",reproduced,"evidence/defiformal-corpus-reconstruction-2026-09-02.json","Passed at pinned DeFiFormal commit."
experiment,E02,"Reproduce 12-by-12 Jaccard matrix",reproduced,"evidence/defiformal-taxonomy-metrics-2026-09-02.json","Passed with explicit formulas."
experiment,E03,"Reproduce nearest-neighbor classifications",reproduced,"evidence/defiformal-taxonomy-nn-predictions-2026-09-02.csv","Passed with deterministic tie rules."
experiment,E04,"Reproduce clustering ARI and NMI",reproduced,"evidence/defiformal-taxonomy-metrics-2026-09-02.json","Pinned script results exist; an independent second implementation remains desirable."
experiment,E05,"Reproduce eligible pair rates",reproduced,"evidence/defiformal-composition-rates-2026-09-02.json","Passed with 143 within-family and 1687 cross-family denominators."
experiment,E06,"Reproduce canonicalization laws and self-test",reproduced,"evidence/defiformal-corpus-reconstruction-2026-09-02.json","Passed at pinned DeFiFormal commit."
experiment,E07,"Blinded multi-rater taxonomy study",not-started,"deliverables/moriarty-defi-kernel-deep-research-prompt-2026-09-03.xml","Prior simulated rules do not count as independent raters."
experiment,E08,"Temporal and held-out taxonomy stability",not-started,"deliverables/moriarty-defi-kernel-deep-research-prompt-2026-09-03.xml","No pinned historical and current sample has been adjudicated."
experiment,E09,"Seven applications and 72-row manifests",specified-only,"deliverables/moriarty-defiformal-category-strawmen.md","Category strawmen exist; required family applications and reviewed manifests do not."
experiment,E10,"Four-architecture application comparison",specified-only,"experiments/moriarty-core-swap/toolchain-results.json","Only the generated-Compact swap path has run."
experiment,E11,"Recurring schedules at 10 100 and 1000 periods",specified-only,"experiments/structural-benchmarks-2026-09-02.json","Unrolling is measured; rollover and certified iteration are not."
experiment,E12,"High-party close and continuation availability",specified-only,"experiments/structural-benchmarks-2026-09-02.json","Structural fan-out is measured; staged claims and availability failure are not."
experiment,E13,"Initial-state unit overflow and terminal tests",specified-only,"experiments/typed-values-results-2026-09-02.json; experiments/moriarty-core-swap/translation-certificate.json","E00 terminal, integer-width, and deadline-boundary regressions pass; the broader invalid-initial-state and overflow matrix has not run."
experiment,E14,"Action-set concurrency cancellation and replay",specified-only,"experiments/moriarty-core-swap/translation-certificate.json","One bounded choice and timeout are tested; action-set semantics are not."
experiment,E15,"Bounded-mandate attacks",specified-only,"deliverables/moriarty-defi-kernel-deep-research-prompt-2026-09-03.xml","No executable mandate primitive exists."
experiment,E16,"Conditional-token lifecycle",specified-only,"deliverables/moriarty-defi-kernel-deep-research-prompt-2026-09-03.xml","No executable split and merge primitive exists."
experiment,E17,"Oracle attacks and privacy leakage",specified-only,"wiki/security.md","Threats are specified; no oracle harness has run."
experiment,E18,"Witness artifact manifest and version attacks",specified-only,"tests/test_translation_certificate.py; wiki/security.md","The corrupted backend is detected; the complete adversarial matrix has not run."
experiment,E19,"Real proof generation and verification",specified-only,"experiments/moriarty-core-swap/toolchain-results.json","Mock compilation passed; proof parameters keys and proofs were not generated."
experiment,E20,"Proof ledger and transaction cost measurement",not-started,"deliverables/moriarty-defi-kernel-deep-research-prompt-2026-09-03.xml","No real proof or network cost distribution exists."
experiment,E21,"Two-system reproducible build",not-started,"deliverables/moriarty-defi-kernel-deep-research-prompt-2026-09-03.xml","Only one local host has built E00."
experiment,E22,"Ten-thousand traces per application",specified-only,"experiments/moriarty-core-swap/translation-certificate.json","E00 passed 1000 traces; the release-scale corpus has not run."
experiment,E23,"Malicious planner and client verifier",not-started,"wiki/security.md","No client verifier implementation exists."
experiment,E24,"Marlowe V1 translation dry run",not-started,"deliverables/moriarty-defi-kernel-deep-research-prompt-2026-09-03.xml","No translator or equivalence report exists."
experiment,E25,"User study and pilot commitments",not-started,"deliverables/moriarty-90-day-research-sprint-2026-09-03.md","No genuine participant data or committed pilots exist."
deliverable,D01,"Executive decision and no-redesign case",implemented,"wiki/decision.md; deliverables/moriarty-decision-study-2026-09-02.md","Recommendation is gated and not yet day-90 decision-grade."
deliverable,D02,"Evidence and contradiction inventory",implemented,"evidence/source-inventory.csv; wiki/contradictions.md","Current inventory exists; moving claims require later refresh."
deliverable,D03,"Repository package specification and trust graph",implemented,"evidence/moriarty-decision-graph-2026-09-03.json; wiki/marlowe-repository-graph.md","Persistent graphs exist; the decision graph includes the E00 Core Compact ZKIR and certificate chain."
deliverable,D04,"Reproduced DeFiFormal audit",reproduced,"wiki/defiformal-taxonomy.md; evidence/defiformal-taxonomy-metrics-2026-09-02.json","Major published counts and taxonomy diagnostics are reproduced."
deliverable,D05,"Recommended taxonomy and migration map",implemented,"wiki/defiformal-taxonomy.md; evidence/defiformal-72-protocol-family-facet-crosswalk-2026-09-02.csv","M2+M3 human taxonomy and M5 internal profile are recorded."
deliverable,D06,"Complete 72-row new mapping",implemented,"evidence/defiformal-72-protocol-family-facet-crosswalk-2026-09-02.csv","All 72 rows have family facet and kernel flags."
deliverable,D07,"Marlowe capability matrix for 72 rows",specified-only,"deliverables/moriarty-defiformal-category-strawmen.md","Category strawmen do not satisfy the row-level requirement."
deliverable,D08,"Marlowe theorem and portability matrix",specified-only,"wiki/formal-assurance.md","Initial theorem qualifications exist; full correspondence and portability matrix does not."
deliverable,D09,"Seven applications and 72 bounded instances",specified-only,"deliverables/moriarty-defiformal-category-strawmen.md","No complete generated application suite exists."
deliverable,D10,"Moriarty Core and surface specification",specified-only,"wiki/moriarty-architecture.md; docs/superpowers/specs/2026-09-03-moriarty-core-swap-stop-test-design.md","E00 defines one Core subset; the full grammar types effects and diagnostics remain open."
deliverable,D11,"Flagship Compact ZKIR proof and differential artifacts",specified-only,"experiments/moriarty-core-swap/","Escrow and swap mock-compile; flagship suite and real proofs remain open."
deliverable,D12,"Compact ZKIR Midnight assurance dossier",specified-only,"wiki/midnight-repositories.md; experiments/moriarty-core-swap/toolchain-results.json","Repository and mock evidence exist; proof key ledger and upgrade assurance remain open."
deliverable,D13,"SDK Runtime wallet and deployment architecture",specified-only,"wiki/moriarty-architecture.md","Architecture is not yet an implementable interface specification."
deliverable,D14,"Threat model audit and incident plan",specified-only,"wiki/security.md","Threat table exists; economic matrix privacy report and incident runbook remain open."
deliverable,D15,"Normative semantics and verification plan",specified-only,"wiki/formal-assurance.md","No proof assistant decision or release conformance suite exists."
deliverable,D16,"Marlowe coexistence and migration plan",specified-only,"deliverables/moriarty-decision-study-2026-09-02.md","No translation classification or rehearsal exists."
deliverable,D17,"Repository team funding and governance plan",specified-only,"deliverables/moriarty-90-day-research-sprint-2026-09-03.md","Sprint staffing range exists; ownership and proposal process remain incomplete."
deliverable,D18,"90-day 12-month and 24-month roadmap",implemented,"deliverables/moriarty-90-day-research-sprint-2026-09-03.md; deliverables/moriarty-decision-study-2026-09-02.md","Phases and gates exist; cost inputs are planning estimates."
deliverable,D19,"Adoption study and pilots",not-started,"wiki/decision.md","Positioning is proposed; no participant evidence or commitments exist."
deliverable,D20,"Agentic-council packet",implemented,"deliverables/moriarty-agentic-council-record-2026-09-03.md","Provider evidence dissent and Fable abstention are preserved."
deliverable,D21,"Stakeholder pre-read and decision packet",implemented,"deliverables/moriarty-stakeholder-preread.md","Pre-read exists; it needs refresh after semantic motions and flagship experiments."
deliverable,D22,"Machine-readable status and release records",specified-only,"evidence/moriarty-goal-completion-matrix-2026-09-03.csv; evidence/defiformal-72-protocol-family-facet-crosswalk-2026-09-02.csv","Status matrix exists; complete claim ledger experiment manifest and release checklist remain open."
