id,node_type,disposition,title,user_visible_purpose,claim_ids,source_ids,tradeoff_and_finite_resource_safety,current_moriarty_gap,typescript_style_example,minimal_acceptance_test,confidence,status,test_status,panel_votes,requirements_authority
F01,feature,adapt,TypeScript-style external .mori,Recognize declarations and records,UCL02; UCL15; DOC05; REPO01; PANEL-F01,R1; R2; D11,Familiar punctuation can imply wrong host semantics; state exact grammar/profile,Syntax-only profile exists; TS alignment and full semantics open,action pay(paid: Amount<USD>) { ... },Compare clause meaning and repairs across experience groups; reject host JS expressions,medium,S2 panel-recommended; not a semantic freeze,specified-only; not executed,"{""GPT6_usability"": ""adapt"", ""GPT6_semantics"": ""adapt"", ""Opus5_architecture"": ""adapt""}",Parent adjudication after peer critique; see CONVERGENCE.md
F02,feature,defer,Inert TypeScript tagged template,Embed canonical source in TS build without callbacks,UCL17; DOC05; PANEL-F02,R2; D11,"Future static extraction must not execute the enclosing TS module; prohibit interpolation independently of TS types, specify raw/cooked characters, escaping and source spans; replacing the tag binding cannot yield a trusted artifact.",No admitted embedding or source-map contract,moriarty.source`action pay(...) { ... }`,"Non-executing extraction yields file-equivalent source/Core; reject interpolation even with bypassed TS checking; test backticks/backslashes, raw/cooked bytes, spans and tag substitution.",medium,S2 panel-recommended; not a semantic freeze,specified-only; not executed,"{""GPT6_usability"": ""defer"", ""GPT6_semantics"": ""defer"", ""Opus5_architecture"": ""defer""}",Parent adjudication after peer critique; see CONVERGENCE.md
F03,feature,reject,Unrestricted TS runtime in contracts,Keep execution and proving finite,SEM-04-L; DOC05; PANEL-F03,D11; R1,"No closures, eval, ambient IO, host coercions or dynamic imports in trusted execution",Host witness boundary needs explicit validation,Date.now(); await fetch(url); // excluded,Reject ambient clock/IO and arbitrary callback at source boundary,high,S2 panel-recommended; not a semantic freeze,specified-only; not executed,"{""GPT6_usability"": ""reject"", ""GPT6_semantics"": ""reject"", ""Opus5_architecture"": ""reject""}",Parent adjudication after peer critique; see CONVERGENCE.md
F04,feature,adopt,Explicit public financial types,"See asset, amount, share and duty roles",UCL08; UCL15; DOC04; PANEL-F04,D10; D14; R5,Nominal units/identities; arithmetic checks additional to type checking,Types parse; full successor checker and nominal binding open,paid: Amount<USD>,Wrong asset/share payment rejects; valid same-unit payment preserves allocation,high,S2 panel-recommended; not a semantic freeze,specified-only; not executed,"{""GPT6_usability"": ""adopt"", ""GPT6_semantics"": ""adopt"", ""Opus5_architecture"": ""adopt""}",Parent adjudication after peer critique; see CONVERGENCE.md
F05,feature,adapt,Local inference with visible inferred types,Reduce repeated annotations while preserving meaning,UCL08; PANEL-F05,D08; R1,Public financial interfaces stay explicit; unique local inference is inspectable without an IDE. Effect summaries may be derived within declared limits; no any/unsafe cast.,Local static inference not implemented,let remaining = pre.outstanding - paid;,"Hold public annotations, semantics, tools and training fixed; vary local inference only in the initial pilot; ambiguous inferred units reject.",medium,S2 panel-recommended; not a semantic freeze,specified-only; not executed,"{""GPT6_usability"": ""adapt"", ""GPT6_semantics"": ""adapt"", ""Opus5_architecture"": ""adapt""}",Parent adjudication after peer critique; see CONVERGENCE.md
F06,feature,adopt,Pure pre-state and staged updates,Predict all changes before acceptance,SEM-01-R; UCL17; DOC01; REPO01; PANEL-F06,D01; D02; R1,Immutable pre; at most one next write per field; no next reads; unwritten fields persist; post appears only in the final ensures suffix; rejection discards all tentative changes.,Proposal/parsing exists; full typed execution remains open,next.outstanding = remaining;,"Reject pre mutation, every next read, duplicate field writes, early post access and a guard after ensures; failing final postcondition discards state/effects.",high,S2 panel-recommended; not a semantic freeze,specified-only; not executed,"{""GPT6_usability"": ""adopt"", ""GPT6_semantics"": ""adopt"", ""Opus5_architecture"": ""adopt""}",Parent adjudication after peer critique; see CONVERGENCE.md
F07,feature,adapt,Closed typed effects separate from authority,Inspect what an action proposes and permits,SEM-04-R; DOC03; PANEL-F07,D08; R1,Compiler-derived conservative effect summaries checked against declared interface limits; signed quantitative authority is separate and visible. No repeated effect row or authority token per emit is mandatory; outcome intent needs no compulsory second exact-plan signature.,Successor effect typing and authority integration open,"emit Transfer { asset: usd, amount: paid, ... };",Unsupported effect fails effect checking; allowed effect with wrong recipient/excess gross debit fails authority; one original outcome-intent signature suffices for an allowed route under all constraints.,high,S2 panel-recommended; not a semantic freeze,specified-only; not executed,"{""GPT6_usability"": ""adapt"", ""GPT6_semantics"": ""adapt"", ""Opus5_architecture"": ""adapt""}",Parent adjudication after peer critique; see CONVERGENCE.md
F08,feature,defer,General resumable effect handlers,Avoid hidden multiplicity in financial code,SEM-04-L; UCL06; DOC03; PANEL-F08,D08; R1,Multiple resume can duplicate effects/work; single-shot/accounting theorem needed,No financial handler calculus or admitted use case,handle payment with customHandler; // deferred,"Any future handler cannot duplicate nonce, payment or duty; bounded invocation proof",high,S2 panel-recommended; not a semantic freeze,specified-only; not executed,"{""GPT6_usability"": ""defer"", ""GPT6_semantics"": ""defer"", ""Opus5_architecture"": ""defer""}",Parent adjudication after peer critique; see CONVERGENCE.md
F09,feature,adapt,Finite event inputs and schedules,Express delayed financial actions explicitly,SEM-01-L; SEM-02-L; DOC01; PANEL-F09,D03; D04R; R1,"Bound queue, horizon, observations, ordering and recovery reserve",No successor schedule/observation declaration semantics,on PaymentDue(due: DueObservation) { ... } // proposed,Reject stale/duplicate/unauthorized observations under stated policy; overflow/timeout cannot delete duties; scheduled input does not guarantee ledger execution.,medium,S2 panel-recommended; not a semantic freeze,specified-only; not executed,"{""GPT6_usability"": ""adapt"", ""GPT6_semantics"": ""adapt"", ""Opus5_architecture"": ""adapt""}",Parent adjudication after peer critique; see CONVERGENCE.md
F10,feature,reject,Infinite streams or implicit lifetime reset,Preserve finite admitted financial work,SEM-01-L; SEM-02-L; PANEL-F10,R1,Productivity/causality not finite lifetime; no unbounded queue or allowance refresh,Lifecycle work conservation still open,subscribe forever; // excluded,"Accepted consumed work plus all distinct live successors remaining allowance cannot exceed original admitted allowance; split partitions, join cannot renew; recovery reserve is included.",high,S2 panel-recommended; not a semantic freeze,specified-only; not executed,"{""GPT6_usability"": ""reject"", ""GPT6_semantics"": ""reject"", ""Opus5_architecture"": ""reject""}",Parent adjudication after peer critique; see CONVERGENCE.md
F11,feature,adopt,Checked domain duties and authorized recovery,Know what remains owed after progress,UCL06; SEM-06-L; REPO01; PANEL-F11,R1; R5,"Identified duties carry forward automatically unless a named funded allocation, domain transformation or explicitly authorized resolution changes them. Static structural checks plus state-dependent preparation/proof conservation; no generic linear calculus or universal static-detection claim.",Partial financial utilities exist; general residual semantics open,"allocatePrincipal({ duty: ""debt-1"", amount: 30 }); // conceptual data operation, not admitted syntax",Debt100/payment30 derives transfer30 and residual70; reject unauthorized deletion. Authorized forgiveness has a separate recorded rule/effect; fees/accrual/timeout require their own cases and retained history.,high,S2 panel-recommended; not a semantic freeze,specified-only; not executed,"{""GPT6_usability"": ""adopt"", ""GPT6_semantics"": ""adopt"", ""Opus5_architecture"": ""adopt""}",Parent adjudication after peer critique; see CONVERGENCE.md
F12,feature,adopt,Checked arithmetic and named rounding,Understand token/share conversion outcomes,UCL15; DOC05; REPO01; PANEL-F12,R1; R5; D11,"Intermediate bounds, scale, zero division and named inspectable rounding/allocation policy; direction is instrument-policy-dependent, not universally hostile to payer.",Some atomic operations; successor rounding names merely parse,"floor_div(numerator, denominator)","Reject zero divisor, overflow and rounding-policy mismatch; permit payer-favorable rounding when the declared instrument policy requires it; identify changed duties when policy changes.",high,S2 panel-recommended; not a semantic freeze,specified-only; not executed,"{""GPT6_usability"": ""adopt"", ""GPT6_semantics"": ""adopt"", ""Opus5_architecture"": ""adopt""}",Parent adjudication after peer critique; see CONVERGENCE.md
F13,feature,adapt,Structured source diagnostics,Repair underlying financial mistake,UCL11; PANEL-F13,R2,"Concise syntax/setup and financial diagnostics with safe next steps, exact spans and truthful preparation/proof/submission/finality stage; no witness disclosure or unsupported superiority claim.",Syntax codes exist; semantic/proof/ledger diagnostics open,UNIT_MISMATCH: Expected Amount<USD>; found Shares<V>,"Evaluate initial grammar failures and financial errors; measure interpretation, first safe edit, successful repair and recurrence separately; do not suppress duties/claims.",medium,S2 panel-recommended; not a semantic freeze,specified-only; not executed,"{""GPT6_usability"": ""adapt"", ""GPT6_semantics"": ""adapt"", ""Opus5_architecture"": ""adapt""}",Parent adjudication after peer critique; see CONVERGENCE.md
F14,feature,adapt,Content-addressed typed Core and dependencies,Identify exact program and dependency closure,SEM-03-R; UCL20; DOC02; DOC04; PANEL-F14,D06; D07; D14,"Full domain-separated references and bounded available dependency closure; initially normalize local binders only where encoding says so, retain public/nominal identifiers until specified; readable hash display remains an open empirical question.",No frozen successor Core encoding or semantic identity,dependencies: BoundedList<FullDefinitionRef>,Local alpha-rename preserves Core only under its encoding; source changes. Changed nominal binding/dependency changes relevant commitments; ambiguous shortened refs reject before signing.,medium,S2 panel-recommended; not a semantic freeze,specified-only; not executed,"{""GPT6_usability"": ""adapt"", ""GPT6_semantics"": ""adapt"", ""Opus5_architecture"": ""adapt""}",Parent adjudication after peer critique; see CONVERGENCE.md
F15,feature,adopt,Separate source/build/artifact/claim identities,"Understand what was reviewed, built and proved",SEM-03-L; SEM-05-R; DOC07; PANEL-F15,R1; D11,Source/Core/build/output/claim/execution identities bind their exact domains and immediate inputs. Compiler change alters build identity; Core changes only if elaboration changes. Technical details expand on demand.,Source hashes exist; complete cross-layer commitment contract open,"{ sourceDigest, coreDigest, semanticProfile }",Change compiler/profile/verifier/observation/immediate output individually; stale cached evidence cannot admit the new statement; same proof cannot consume an already-spent predecessor.,high,S2 panel-recommended; not a semantic freeze,specified-only; not executed,"{""GPT6_usability"": ""adopt"", ""GPT6_semantics"": ""adopt"", ""Opus5_architecture"": ""adopt""}",Parent adjudication after peer critique; see CONVERGENCE.md
F16,feature,defer,Unison-style database as primary editor workflow,Keep ordinary source review available first,UCL17; UCL20; DOC06; DOC07; PANEL-F16,D09; D12; D13,Retain ordinary text review initially; database workflow has migration/provenance cost and unmeasured benefit. Permanent exclusion is not established by this evidence.,Text workflow already exists; no demonstrated need for replacement,import { quote } from pinnedLibrary; // future syntax,First slice review works with files/diffs; any later database workflow must export complete reviewable artifacts and demonstrate a task benefit.,medium,S2 panel-recommended; not a semantic freeze,specified-only; not executed,"{""GPT6_usability"": ""defer"", ""GPT6_semantics"": ""defer"", ""Opus5_architecture"": ""defer""}",Parent adjudication after peer critique; see CONVERGENCE.md
F17,feature,adopt,Explicit version and migration review,Prevent silent reinterpretation of live duties,SEM-03-L; DOC06; DOC04; PANEL-F17,D12; D14; R1; R5,"Authorized migration retains duties, authority, custody, consumed history and aggregate remaining work; alias edits cannot redirect live positions.",No general private/live obligation migration acceptance,migrate oldRef to newRef under authority; // proposed,"Alias update leaves prior duties on prior semantics; authorized migration preserves entitlement, consumed nonce/history and work while requalifying correspondence.",high,S2 panel-recommended; not a semantic freeze,specified-only; not executed,"{""GPT6_usability"": ""adopt"", ""GPT6_semantics"": ""adopt"", ""Opus5_architecture"": ""adopt""}",Parent adjudication after peer critique; see CONVERGENCE.md
F18,feature,adopt,Separate preparation from proof and settlement,"Distinguish prepared, proved, submitted and accepted results",SEM-01-R; REPO01; PANEL-F18,D02; D05; R3,"Midnight Preview is fixed; financial acceptance remains open. Require all four claims plus native/ledger checks, unique consumption and exact effects; parsing/signing is not settlement.",Partial status flows; full financial acceptance remains open,"{ tag: ""Prepared"", effects, duties, authority, work }",Well-typed signed proposal with missing proof fails closed; two proposals may prepare but exclusive predecessor can accept at most once; unknown finality remains unknown.,high,S2 panel-recommended; not a semantic freeze,specified-only; not executed,"{""GPT6_usability"": ""adopt"", ""GPT6_semantics"": ""adopt"", ""Opus5_architecture"": ""adopt""}",Parent adjudication after peer critique; see CONVERGENCE.md
F19,feature,adopt,Human task evaluation before usability claims,Verify understandable authoring and repair,UCL19; UCL22; PANEL-F19,R3,"Formative sessions may start now; confirmatory comparison waits for a stable executable source/Core/K/evaluator prototype and pilot calibration. First pilot varies locals, not public annotations. PL votes are not participant evidence.",No developer study reproduced here,Compare partial-payment comprehension tasks,"Formative partial-payment comprehension/repair first; after stabilization preregister correctness/time/assistance/timeout and open-ended tasks, stratify experience and retain null findings.",high,S2 panel-recommended; not a semantic freeze,specified-only; not executed,"{""GPT6_usability"": ""adopt"", ""GPT6_semantics"": ""adopt"", ""Opus5_architecture"": ""adopt""}",Parent adjudication after peer critique; see CONVERGENCE.md
F20,feature,adopt,Profile-specific grammar and correspondence checks,Keep published syntax and tools consistent,UCL17; REPO01; PANEL-F20,R1; R2,Lexing/parsing/formatting separate from typing; stable spans and profile labels,Bounded syntax checks exist; semantic/Core/K/Compact correspondence open,check-syntax versus check versus prove,"Grammar/lexer/parser/formatter/docs agree; formatter preserves AST, later all-layer financial observations",high,S2 panel-recommended; not a semantic freeze,specified-only; not executed,"{""GPT6_usability"": ""adopt"", ""GPT6_semantics"": ""adopt"", ""Opus5_architecture"": ""adopt""}",Parent adjudication after peer critique; see CONVERGENCE.md
